"Easting","Northing","City","Administrative.unit","X6.29.18","X7.6.18","X7.13.18","X7.20.18","X7.27.18","X8.3.18","X8.10.18","X8.17.18","X8.24.18","X8.31.18","X9.7.18","X9.14.18","X9.21.18","X9.28.18","X10.5.18","X10.12.18","X10.19.18","X10.26.18","X11.2.18","X11.9.18","X11.16.18","X11.23.18","X11.30.18","X12.7.18","X12.14.18","X12.21.18","X12.28.18","X1.4.19","X1.11.19","X1.18.19","X1.25.19","X2.1.19","X2.8.19","X2.15.19","X2.22.19","X3.1.19","X3.8.19","X3.15.19","X3.22.19","X3.29.19","X4.5.19","X4.12.19","X4.19.19","X4.26.19","X5.3.19","X5.10.19"
300500,202500,"Aberdare U.D.","Aberdare U.D.",NA,NA,2.1,5.2,6.3,9.4,1,1,NA,1,NA,NA,NA,NA,NA,1,3.1,NA,5.2,11.5,22.9,25,26.1,6.3,4.2,2.1,1,NA,NA,1,2.1,1,NA,3.1,6.3,11.5,15.6,7.3,5.2,4.2,2.1,3.1,NA,1,NA,2.1
326500,203500,"Abersychan U.D.","Abersychan U.D.",NA,NA,2.1,2.1,2.1,NA,4.2,NA,2.1,NA,4.2,NA,2.1,6.4,12.7,8.5,8.5,19.1,14.8,4.2,2.1,NA,2.1,2.1,8.5,NA,NA,NA,NA,2.1,NA,NA,NA,NA,2.1,NA,NA,2.1,4.2,2.1,2.1,2.1,NA,2.1,NA,NA
321500,204500,"Abertillery U.D.","Abertillery U.D.",2.9,4.3,15.9,10.1,4.3,2.9,NA,1.4,NA,NA,NA,NA,NA,NA,NA,NA,NA,NA,2.9,10.1,15.9,33.3,46.4,26.1,15.9,2.9,5.8,1.4,2.9,NA,NA,NA,1.4,NA,NA,4.3,2.9,4.3,1.4,4.3,NA,NA,2.9,NA,7.2,1.4
375500,428500,"Accrington M.B.","Accrington M.B.",NA,9.2,7.8,2.6,NA,1.3,1.3,NA,NA,NA,NA,1.3,1.3,NA,NA,NA,NA,NA,1.3,3.9,6.5,7.8,7.8,5.2,3.9,3.9,1.3,NA,NA,NA,NA,2.6,NA,NA,2.6,9.2,13.1,19.6,10.5,11.8,2.6,3.9,3.9,6.5,NA,1.3
520500,180500,"Acton U.D.","Acton U.D.",NA,0.9,4.6,NA,NA,0.9,NA,NA,NA,0.9,0.9,NA,NA,NA,NA,3.6,3.6,13.7,31,32.8,21.9,23.7,13.7,10,5.5,NA,1.8,1.8,1.8,NA,0.9,NA,1.8,5.5,7.3,5.5,3.6,NA,1.8,0.9,NA,0.9,NA,0.9,1.8,NA
486500,150500,"Aldershot U.D.","Aldershot U.D.",NA,7.3,2.4,2.4,NA,NA,NA,NA,NA,NA,NA,NA,NA,NA,NA,NA,4.9,26.8,19.5,22,12.2,7.3,14.6,NA,NA,4.9,NA,NA,NA,NA,NA,NA,NA,12.2,2.4,14.6,12.2,4.9,4.9,NA,NA,NA,NA,NA,NA,NA
243500,378500,"Anglesey","Anglesey",1.1,2.2,NA,NA,NA,1.1,2.2,1.1,NA,NA,1.1,NA,NA,1.1,NA,NA,1.1,2.2,9.8,7.6,16.4,12,14.2,7.6,4.4,4.4,5.5,NA,1.1,3.3,NA,2.2,3.3,4.4,6.6,6.63,9.8,6.6,4.4,3.3,3.3,1.1,2.2,1.1,1.1,3.3
427500,587500,"Ashington U.D.","Ashington U.D.",2.1,6.3,16.7,4.2,2.1,NA,NA,NA,NA,NA,NA,NA,NA,NA,NA,NA,NA,NA,NA,NA,12.5,20.9,27.1,12.5,4.2,NA,4.2,2.1,NA,NA,NA,NA,NA,6.3,10.4,16.7,8.4,8.4,2.1,NA,NA,NA,2.1,2.1,NA,2.1
357500,399500,"Ashton-in-Makerfield U.D.","Ashton-in-Makerfield U.D.",NA,7.7,15.3,10.2,12.8,NA,NA,NA,2.6,NA,NA,NA,NA,NA,NA,2.6,NA,7.7,25.5,35.7,20.4,23,17.9,15.3,12.8,5.1,5.1,NA,NA,NA,2.6,2.6,NA,17.9,20.4,12.8,2.6,2.6,2.6,NA,NA,2.6,NA,NA,NA,NA
394500,399500,"Ashton-under-Lyne M.B.","Ashton-under-Lyne M.B.",NA,11.8,15.8,3.9,3.9,1.3,NA,1.3,1.3,NA,NA,NA,NA,1.3,NA,1.3,1.3,NA,6.6,5.3,11.8,13.1,22.3,26.3,15.8,2.6,3.9,1.3,1.3,NA,NA,1.3,2.6,9.2,14.5,14.5,28.9,7.9,7.9,3.9,1.3,1.3,2.6,NA,NA,NA
386500,422500,"Bacup M.B","Bacup M.B",19.4,33.3,11.1,NA,5.6,2.8,NA,NA,NA,NA,NA,NA,2.8,2.8,NA,NA,NA,NA,NA,NA,5.6,2.8,NA,5.6,2.8,NA,2.8,8.3,NA,2.8,2.8,NA,2.8,5.6,NA,16.7,5.6,5.6,5.6,NA,5.6,NA,2.8,NA,2.8,NA
554500,184500,"Barking Town U.D.","Barking Town U.D.",NA,NA,1.7,1.7,1.7,1.7,NA,NA,NA,NA,NA,NA,NA,NA,NA,1.7,1.7,26.4,99,69.3,36.3,18.2,6.6,3.3,1.7,1.7,5,1.7,NA,1.7,1.7,1.7,6.6,13.2,6.6,3.3,3.3,1.7,5,NA,NA,1.7,5,NA,NA,1.7
522500,176500,"Barnes U.D.","Barnes U.D.",1.7,3.3,1.7,1.7,3.3,1.7,NA,NA,NA,NA,NA,NA,NA,NA,NA,3.3,1.7,5,33.1,28.1,14.9,16.6,18.2,6.6,1.7,NA,NA,1.7,NA,NA,NA,NA,NA,3.3,6.6,5,5,3.3,3.3,NA,1.7,NA,3.3,1.7,NA,NA
434500,406500,"Barnsley","Barnsley",1.1,8.8,8.8,6.6,4.4,4.4,1.1,3.3,NA,NA,NA,NA,NA,NA,NA,NA,NA,1.1,5.5,14.3,22,24.2,33,30.8,25.3,31.9,23.1,8.8,8.8,1.1,4.4,4.4,2.2,8.8,11,17.6,17.6,23.1,12.1,2.2,1.1,6.6,3.3,1.1,NA,NA
319500,469500,"Barrow-in-Furness","Barrow-in-Furness",1.3,3.3,3.3,5.2,1.3,0.7,1.3,NA,1.3,NA,NA,NA,0.7,NA,NA,0.7,3.3,16.9,25.4,27.3,19.5,11.1,9.1,6.5,6.5,3.3,0.7,1.3,0.7,NA,NA,NA,NA,2.6,7.8,16.3,13.7,11.1,5.9,3.3,0.7,NA,NA,NA,0.7,NA
311500,168500,"Barry U.D.","Barry U.D.",NA,NA,NA,3.1,1.5,NA,1.5,NA,NA,NA,NA,1.5,1.5,NA,NA,6.2,12.3,16.9,21.6,6.2,1.5,3.1,4.6,7.7,NA,NA,NA,NA,NA,1.5,NA,NA,1.5,NA,3.1,4.6,3.1,10.8,NA,3.1,NA,1.5,NA,NA,1.5,NA
374500,164500,"Bath","Bath",NA,0.8,NA,0.8,0.8,NA,1.7,0.8,0.8,NA,NA,NA,NA,0.8,1.7,9.1,20.7,26.4,16.5,7.4,8.3,9.1,5,4.1,4.1,0.8,0.8,1.7,NA,0.8,2.5,0.8,1.7,NA,4.1,3.3,3.3,7.4,3.3,3.3,4.1,2.5,2.5,2.5,NA,NA
424500,424500,"Batley M.B.","Batley M.B.",NA,1.6,19.3,4.8,6.4,NA,NA,1.6,NA,NA,NA,NA,NA,NA,NA,1.6,NA,3.2,8,19.3,11.2,33.7,25.7,16.1,8,4.8,1.6,1.6,4.8,1.6,4.8,1.6,1.6,6.4,12.8,28.9,33.7,11.2,4.8,1.6,4.8,NA,3.2,3.2,3.2,NA
537500,169500,"Beckenham U.D.","Beckenham U.D.",NA,1.8,1.8,1.8,NA,NA,NA,NA,NA,1.8,NA,NA,NA,NA,NA,1.8,1.8,12.4,26.6,24.8,10.6,14.2,7.1,3.5,1.8,NA,1.8,NA,NA,NA,NA,NA,NA,7.1,17.7,10.6,12.4,12.4,3.5,1.8,3.5,NA,NA,NA,1.8,1.8
505500,249500,"Bedford M.B.","Bedford M.B.",1.3,NA,1.3,1.3,1.3,NA,NA,NA,NA,NA,NA,1.3,NA,NA,1.3,1.3,2.7,18.6,29.2,27.9,14.6,17.2,9.3,9.3,1.3,1.3,2.7,NA,NA,NA,NA,NA,1.3,4,5.3,4,4,1.3,1.3,NA,4,NA,1.3,NA,2.7,NA
426500,581500,"Bedlingtonshire U.D.","Bedlingtonshire U.D.",NA,18.1,4.5,4.5,2.3,NA,NA,NA,NA,NA,NA,NA,NA,NA,NA,NA,2.3,NA,4.5,9,24.8,24.8,24.8,15.8,9,2.3,6.8,4.5,4.5,NA,NA,NA,4.5,13.5,24.8,15.8,13.5,4.5,2.3,2.3,NA,NA,2.3,NA,NA,NA
316500,200500,"Bedwellty U.D.","Bedwellty U.D.",NA,3.7,11.2,11.2,NA,1.9,NA,NA,1.9,NA,NA,1.9,3.7,NA,5.6,18.6,9.3,5.6,13,9.3,3.7,3.7,1.9,NA,3.7,NA,NA,NA,NA,3.7,3.7,NA,1.9,3.7,9.3,1.9,1.9,5.6,1.9,5.6,5.6,NA,3.7,1.9,3.7,NA
394500,297500,"Bilston U.D.","Bilston U.D.",NA,4.5,6.8,13.5,11.3,2.3,NA,NA,NA,NA,NA,NA,NA,2.3,2.3,NA,NA,NA,6.8,15.8,15.8,60.9,79,45.1,13.5,4.5,2.3,2.3,2.3,NA,2.3,NA,NA,NA,13.5,13.5,15.8,9,6.8,NA,NA,2.3,NA,NA,NA,2.3
330500,388500,"Birkenhead","Birkenhead",NA,3.1,2.7,3.1,3.5,1.9,0.4,0.8,0.4,NA,NA,NA,NA,0.8,2.3,13.1,23.6,36.7,34.4,25.9,10.4,2.7,3.9,5,1.5,1.9,1.2,1.5,2.3,3.1,0.8,2.3,6.6,4.6,10,12.7,9.7,5,3.1,1.2,1.9,0.8,0.8,NA,NA,NA
409500,287500,"Birmingham","Birmingham",1.1,6.9,6.9,3.1,0.8,0.2,0.2,0.2,0.2,0.1,0.1,NA,0.1,0.1,0.1,0.2,0.9,3.6,6.4,12.3,15.7,19.4,22.3,16,8.2,3.7,1.4,1.2,0.8,0.4,0.3,0.5,0.7,2.4,5.8,9.8,9.1,8.4,6.6,5,2.8,2.3,1.6,1.3,0.5,0.3
368500,427500,"Blackburn","Blackburn",0.9,2.8,9.8,7,6.1,0.9,1.4,NA,1.4,0.5,NA,NA,NA,NA,NA,NA,0.5,1.4,4.7,14,15,19.7,22.9,21.5,15,7.5,3.7,1.4,0.9,1.4,0.5,0.5,0.5,6.1,16.8,24.3,18.7,6.6,5.1,0.5,2.3,NA,0.5,0.9,NA,NA
331500,436500,"Blackpool","Blackpool",NA,4,2.4,4,NA,0.8,NA,0.8,0.8,0.8,NA,0.8,NA,NA,NA,NA,3.2,6.4,12.8,16,9.6,8,12.8,6.4,1.6,8.8,1.6,0.8,NA,NA,0.8,NA,0.8,5.6,16.8,20.8,9.6,4.8,3.2,NA,NA,1.6,NA,NA,NA,0.8
417500,562500,"Blaydon U.D.","Blaydon U.D.",NA,5.2,10.3,6.9,5.2,NA,1.7,NA,NA,NA,NA,NA,NA,NA,NA,NA,NA,1.7,5.2,10.3,6.9,20.6,34.4,25.8,13.7,3.4,3.4,3.4,1.7,NA,NA,1.7,NA,NA,10.3,8.6,6.9,3.4,1.7,NA,NA,NA,NA,NA,1.7,NA
430500,581500,"Blyth U.D.","Blyth U.D.",NA,16.8,14.9,NA,3.7,NA,NA,NA,NA,NA,NA,NA,NA,NA,NA,NA,1.9,NA,3.7,1.9,16.8,46.6,37.3,18.7,9.3,NA,NA,NA,1.9,1.9,1.9,NA,NA,26.1,28,20.5,5.6,1.9,5.6,NA,1.9,1.9,NA,NA,NA,NA
371500,408500,"Bolton","Bolton",0.6,3.2,9.4,6.8,4.9,2.9,2.6,1.3,1,NA,0.3,0.3,NA,NA,NA,0.6,1.6,13,21.4,14.6,5.8,7.8,8.4,4.9,6.8,2.6,1.6,0.6,1.9,0.3,1.6,1,0.6,5.2,18.8,25.3,18.8,8.4,5.2,2.3,2.6,1.3,1.6,0.6,0.3,1
333500,394500,"Bootle","Bootle",NA,NA,6.7,1.5,3.7,1.5,NA,1.5,0.7,0.7,0.7,NA,0.7,NA,1.5,8.9,14,38.4,40.7,26.6,8.1,3,0.7,2.2,6.7,3.7,5.2,4.4,0.7,3,0.7,NA,3.7,7.4,20.7,20,11.8,10.3,1.5,1.5,0.7,0.7,NA,NA,NA,NA
408500,91500,"Bournemouth","Bournemouth",0.7,NA,NA,0.7,0.7,0.7,NA,NA,NA,0.7,NA,1.4,2.1,0.7,1.4,2.1,4.2,16.1,17.5,2.1,6.3,3.5,7,2.1,1.4,2.8,NA,1.4,1.4,NA,0.7,1.4,1.4,2.1,7.7,9.8,13.3,4.9,2.8,3.5,3.5,0.7,1.4,0.7,0.7,0.7
416500,432500,"Bradford","Bradford",0.6,2.8,6.4,4.6,2.4,2,1.4,0.4,NA,NA,0.2,NA,0.2,NA,0.6,0.2,0.4,2.2,7.2,17.3,26.5,24.3,23.5,12.2,4.8,2.6,1.8,1.2,0.4,0.6,1,1.4,8.4,11.2,30.5,25.9,19.1,7.4,2.2,3.8,2.2,0.8,0.2,0.6,1.4,1
414500,423500,"Brighouse M.B.","Brighouse M.B.",2.7,27,18.9,8.1,2.7,NA,NA,NA,NA,NA,NA,NA,NA,NA,NA,NA,NA,5.4,8.1,29.6,10.8,16.2,13.5,8.1,NA,5.4,NA,NA,2.7,2.7,2.7,2.7,2.7,2.7,8.1,13.5,13.5,13.5,2.7,NA,10.8,NA,NA,NA,2.7,NA
513500,106500,"Brighton","Brighton",NA,1.7,0.9,1.3,2.1,0.9,NA,NA,0.4,NA,0.4,0.4,NA,0.4,NA,2.6,12.9,32.1,34.7,29.6,12.4,5.6,6,7.3,1.3,1.7,1.3,0.4,0.9,0.4,0.4,1.7,3.4,14.6,16.7,12,5.1,4.7,4.7,1.3,0.4,1.3,0.4,NA,0.9,NA
360500,175500,"Bristol","Bristol",0.23,0.9,2.2,3.2,2.3,2,0.5,0.5,NA,0.2,0.2,0.2,NA,0.3,0.6,0.6,4.8,12.3,33.6,26.8,19.6,15.1,13.3,7.7,6.5,3.9,2.3,2.6,2.3,0.7,1.7,0.3,0.6,3.2,5.6,11.6,11.1,9.6,5.4,2.5,0.9,0.9,0.6,0.3,0.5,NA
540500,169500,"Bromley M.B.","Bromley M.B.",NA,1.7,NA,NA,NA,NA,1.7,NA,NA,NA,NA,NA,NA,NA,NA,1.7,3.3,11.6,26.4,14.9,8.3,8.3,8.3,5,5,1.7,1.7,NA,1.7,NA,NA,NA,NA,3.3,6.6,9.9,6.6,6.6,1.7,NA,1.7,3.3,NA,NA,NA,NA
383500,432500,"Burnley","Burnley",3.4,18.4,9.2,4,1.1,NA,0.6,0.6,1.7,NA,NA,0.6,NA,NA,NA,NA,0.6,2.9,11.5,29.3,22.4,6.9,9.8,9.2,8,4,3.4,4,NA,1.1,1.1,NA,NA,1.1,6.3,5.2,12.1,9.8,9.2,1.1,1.1,0.6,0.6,1.7,0.3,NA
424500,322500,"Burton-upon-Trent","Burton-upon-Trent",NA,1.2,NA,2.5,2.5,1.2,NA,NA,3.7,NA,NA,1.2,NA,NA,1.2,3.7,13.6,42.1,75.5,54.5,17.3,12.4,14.9,6.2,7.4,3.7,1.2,3.7,1.2,NA,NA,1.2,NA,1.2,2.5,6.2,6.2,7.4,3.7,2.5,2.5,1.2,2.5,NA,NA,NA
380500,410500,"Bury","Bury",5.1,11.2,9.2,4.1,NA,2,NA,NA,NA,1,NA,NA,NA,NA,NA,NA,1,7.2,13.3,13.3,15.3,22.5,21.5,8.2,2,3.1,1,NA,1,NA,NA,1,1,3.1,8.2,21.5,26.6,23.5,19.4,13.3,3.1,NA,1,1,NA,3.1
315500,186500,"Caerphilly U.D.","Caerphilly U.D.",NA,NA,9,6,1.5,6,4.5,NA,NA,NA,NA,NA,NA,NA,NA,1.5,4.5,6,18,9,7.5,12,7.5,4.5,6,4.5,1.5,1.5,NA,NA,NA,NA,NA,NA,1.5,3,10.5,NA,4.5,6,4.5,6,3,3,NA,NA
546500,258500,"Cambridge M.B.","Cambridge M.B.",NA,NA,1,1,1,NA,NA,NA,NA,NA,NA,NA,NA,NA,1,NA,4,17,40,35,9,9,4,2,NA,1,NA,NA,1,NA,NA,NA,NA,3,5,7,6,3,5,NA,1,NA,1,NA,NA,NA
398500,310500,"Cannock U.D.","Cannock U.D.",3.6,9.1,9.1,14.5,NA,7.2,NA,NA,NA,NA,NA,1.8,NA,NA,NA,1.8,NA,3.6,9.1,25.4,52.5,21.7,18.1,14.5,9.1,NA,5.4,1.8,NA,1.8,3.6,10.9,1.8,10.9,1.8,1.8,1.8,3.6,5.4,NA,3.6,5.4,NA,1.8,1.8,NA
614500,157500,"Canterbury","Canterbury",NA,2.3,NA,2.3,NA,NA,NA,NA,NA,NA,NA,NA,NA,NA,2.3,2.3,4.7,16.3,18.6,9.3,18.6,23.3,42,9.3,2.3,9.3,9.3,7,4.7,NA,NA,NA,NA,2.3,4.7,14,16.3,16.3,2.3,NA,2.3,NA,NA,NA,NA,NA
318500,176500,"Cardiff","Cardiff",0.6,0.3,1.8,2.1,2.4,1.2,1.2,1.5,NA,0.6,1.2,0.6,NA,1.2,3.6,6.2,22.9,38.3,26.7,16.3,4.5,6.2,3,3.9,1.2,0.6,0.9,1.5,0.9,0.6,0.6,0.6,2.1,1.8,7.7,9.8,9.8,7.1,5.3,3.6,2.4,2.1,2.4,0.3,1.2,0.6
339500,555500,"Carlisle","Carlisle",1.9,8.7,11.7,1.9,1,1,NA,NA,NA,NA,2.9,NA,NA,NA,NA,NA,1,3.9,1,2.9,3.9,11.7,19.4,22.3,9.7,2.9,1,1.9,1,1.9,1,NA,1,1,3.9,3.9,4.9,4.9,4.9,1,2.9,1.9,3.9,NA,1,NA
442500,425500,"Castleford U.D.","Castleford U.D.",NA,4.5,NA,NA,NA,NA,NA,NA,NA,NA,2.3,NA,NA,NA,9.1,15.9,36.4,25,22.7,6.8,4.5,9.1,4.5,4.5,2.3,NA,4.5,2.3,NA,NA,4.5,2.3,13.6,15.9,15.9,6.8,2.3,4.5,2.3,NA,NA,NA,NA,2.3,4.5,2.3
390500,405500,"Chadderton U.D.","Chadderton U.D.",4.2,8.3,10.4,8.3,6.2,2.1,NA,NA,2.1,2.1,NA,NA,NA,NA,NA,4.2,2.1,6.2,39.5,39.5,33.5,39.5,18.7,14.6,2.1,2.1,8.3,NA,NA,NA,NA,NA,NA,4.2,12.5,18.7,14.6,6.2,2.1,10.4,NA,NA,4.2,4.2,NA,NA
576500,165500,"Chatham M.B.","Chatham M.B.",1.4,2.8,2.8,1.4,NA,1.4,NA,NA,NA,NA,NA,NA,NA,NA,NA,1.4,8.3,23.5,80.3,66.5,36,22.2,20.8,4.2,2.8,1.4,NA,4.2,2.8,NA,1.4,NA,1.4,NA,1.4,5.5,9.7,1.4,1.4,NA,NA,NA,1.4,1.4,NA,NA
394500,222500,"Cheltenham M.B.","Cheltenham M.B.",NA,NA,NA,1.2,NA,2.4,NA,NA,NA,NA,1.2,NA,NA,3.7,6.1,23.3,58.8,55.1,17.1,13.5,6.1,2.4,3.7,3.7,3.7,NA,NA,NA,NA,1.2,NA,NA,2.4,3.7,4.9,9.8,6.1,7.3,2.4,1.2,3.7,NA,2.4,1.2,3.7,NA
490500,190500,"Chepping Wycombe M.B.","Chepping Wycombe M.B.",NA,2.6,NA,NA,2.6,NA,NA,NA,NA,NA,NA,NA,NA,NA,NA,NA,NA,5.1,5.1,30.6,33.2,48.5,12.8,12.8,2.6,NA,7.7,5.1,2.6,NA,NA,2.6,NA,NA,10.2,2.6,5.1,5.1,NA,2.6,NA,NA,NA,NA,NA,NA
340500,366500,"Chester","Chester",NA,6.7,8.1,6.7,2.7,1.3,NA,NA,NA,1.3,NA,NA,NA,NA,NA,NA,1.3,9.4,27,28.3,20.2,8.1,6.7,1.3,1.3,1.3,NA,1.3,NA,NA,NA,NA,1.3,NA,5.4,8.1,9.4,2.7,5.4,6.7,5.4,1.3,NA,1.3,1.3,NA
438500,371500,"Chesterfield M.B.","Chesterfield M.B.",NA,NA,8.7,4.4,5.8,5.8,2.9,NA,NA,NA,NA,NA,NA,NA,NA,NA,NA,4.4,23.2,29,69.7,52.2,40.6,23.2,7.3,2.9,1.5,1.5,NA,1.5,1.5,4.4,2.9,2.9,8.7,13.1,13.1,8.7,2.9,NA,1.5,NA,2.9,NA,NA,NA
520500,178500,"Chiswick U.D.","Chiswick U.D.",NA,3.9,2.6,2.6,NA,NA,1.3,1.3,NA,1.3,1.3,NA,NA,NA,NA,NA,5.2,13,11.7,32.4,36.3,18.2,16.9,1.3,3.9,NA,NA,NA,2.6,NA,NA,NA,NA,3.9,6.5,10.4,6.5,6.5,1.3,2.6,1.3,1.3,NA,NA,2.6,NA
358500,417500,"Chorley M.B.","Chorley M.B.",NA,NA,3.4,10.2,8.5,1.7,3.4,1.7,NA,NA,NA,NA,NA,NA,1.7,10.2,34,28.9,28.9,18.7,10.2,15.3,8.5,8.5,1.7,1.7,NA,NA,1.7,NA,NA,1.7,NA,3.4,3.4,3.4,17,10.2,17,5.1,3.4,3.4,1.7,3.4,NA,NA
530500,408500,"Cleethorpe with Thrunscoe U.D.","Cleethorpe with Thrunscoe U.D.",NA,NA,6.6,6.6,NA,2.2,NA,NA,NA,NA,NA,NA,NA,NA,NA,NA,NA,4.4,6.6,13.2,8.8,22.1,39.7,15.5,2.2,NA,2.2,NA,NA,NA,2.2,NA,4.4,NA,4.4,13.2,15.5,8.8,2.2,6.6,2.2,4.4,6.6,2.2,2.2,NA
599500,225500,"Colchester M.B.","Colchester M.B.",NA,1.4,2.8,1.4,1.4,1.4,NA,NA,NA,NA,NA,NA,NA,NA,NA,2.8,2.8,6.9,23.4,28.9,17.9,16.5,8.3,5.5,4.1,4.1,6.9,4.1,1.4,1.4,5.5,1.4,5.5,22,9.6,8.3,11,2.8,2.8,2.8,NA,1.4,NA,NA,NA,NA
389500,440500,"Colne M.B.","Colne M.B.",NA,2.4,4.9,2.4,12.2,4.9,NA,2.4,NA,NA,NA,NA,NA,NA,NA,NA,NA,NA,NA,7.3,14.7,14.7,48.9,56.2,19.6,NA,NA,2.4,NA,NA,NA,NA,NA,2.4,4.9,NA,4.9,7.3,NA,NA,NA,2.4,2.4,NA,NA,NA
394500,294500,"Coseley U.D.","Coseley U.D.",NA,12.2,14.6,NA,2.4,2.4,NA,NA,NA,NA,NA,NA,NA,NA,NA,2.4,NA,NA,9.7,19.5,31.6,53.5,31.6,19.5,7.3,2.4,NA,7.3,2.4,NA,NA,NA,NA,NA,2.4,24.3,2.4,2.4,4.9,NA,2.4,NA,NA,NA,2.4,2.4
433500,278500,"Coventry","Coventry",NA,1.9,3.9,2.7,0.8,NA,0.4,NA,NA,NA,NA,NA,0.4,NA,NA,NA,0.4,5.8,24.3,39,40.1,31.6,15.8,6.6,4.2,1.5,NA,0.4,0.8,0.8,NA,0.8,0.8,0.4,NA,2.3,1.5,0.8,0.8,0.4,0.4,0.8,NA,NA,NA,0.4
370500,355500,"Crewe M.B.","Crewe M.B.",1.2,3.7,6.1,2.4,NA,NA,NA,NA,NA,NA,1.2,NA,NA,NA,NA,3.7,1.2,12.2,46.4,35.4,15.9,7.3,7.3,3.7,8.5,2.4,2.4,NA,NA,NA,NA,3.7,1.2,13.4,11,12.2,7.3,4.9,3.7,NA,NA,NA,1.2,NA,1.2,NA
533500,165500,"Croydon","Croydon",0.6,3.4,3.4,0.9,0.3,0.6,NA,NA,0.3,NA,0.6,NA,NA,NA,0.3,1.5,4,18,36.5,33.4,16.7,8.7,7.1,5.9,3.1,1.5,1.2,1.2,1.5,0.6,0.3,0.3,3.1,2.8,2.8,7.7,6.8,4,1.5,1.9,1.5,0.9,1.2,0.3,0.6,0.3
428500,514500,"Darlington","Darlington",NA,6.1,15.6,5.2,3.5,NA,0.9,0.9,NA,0.9,NA,0.9,0.9,NA,NA,0.9,1.7,NA,4.3,8.7,10.4,16.4,33.7,23.4,6.1,2.6,0.9,4.3,NA,NA,NA,1.7,NA,2.6,6.9,13,19,13.8,13.8,5.2,1.7,1.7,1.7,0.9,0.9,0.9
552500,173500,"Dartford U.D.","Dartford U.D.",2.4,NA,2.4,NA,NA,NA,NA,NA,NA,NA,NA,NA,NA,NA,NA,NA,NA,33.3,92.6,76,21.4,11.9,9.5,2.4,7.1,NA,NA,2.4,NA,NA,2.4,NA,NA,2.4,7.1,9.5,7.1,NA,NA,2.4,NA,NA,4.8,NA,4.8,NA
369500,422500,"Darwen M.B.","Darwen M.B.",NA,1.6,7.9,6.3,14.3,3.2,NA,NA,NA,NA,NA,NA,1.6,NA,NA,NA,NA,3.2,6.3,6.3,14.3,46,98.4,52.4,9.5,3.2,NA,1.6,3.2,NA,1.6,3.2,NA,1.6,3.2,15.9,15.9,4.8,7.9,1.6,1.6,1.6,NA,NA,NA,NA
435500,335500,"Derby","Derby",0.4,0.4,5.3,4,1.8,1.3,0.9,NA,NA,0.4,0.4,NA,0.9,0.4,NA,0.9,0.4,3.1,8.8,16.8,27.8,24.3,30.9,18.5,10.1,5.7,2.6,1.8,NA,0.9,0.4,0.4,0.4,5.7,12.8,9.3,7.1,4.9,4,3.5,1.8,NA,NA,NA,0.9,NA
424500,422500,"Dewsbury","Dewsbury",1.1,7.8,8.9,8.9,1.1,NA,2.2,NA,1.1,NA,1.1,NA,1.1,NA,NA,NA,2.2,2.2,11.1,13.3,46.5,37.7,29.9,12.2,8.9,4.4,2.2,1.1,2.2,NA,3.3,2.2,6.6,8.9,10,17.7,8.9,8.9,4.4,10,3.3,1.1,NA,NA,1.1,5.5
457500,402500,"Doncaster M.B.","Doncaster M.B.",1.1,2.2,2.2,5.5,4.4,1.1,1.1,3.3,1.1,NA,NA,NA,NA,NA,NA,NA,2.2,5.5,16.5,26.4,42.9,33,25.3,14.3,3.3,4.4,2.2,1.1,1.1,2.2,1.1,1.1,2.2,7.7,9.9,19.8,18.7,15.4,5.5,2.2,NA,2.2,1.1,1.1,1.1,1.1
631500,141500,"Dover M.B.","Dover M.B.",NA,1.5,3,4.5,NA,1.5,NA,NA,NA,1.5,NA,NA,NA,NA,1.5,1.5,1.5,18.1,27.1,13.6,13.6,18.1,7.5,6,6,4.5,4.5,1.5,NA,1.5,NA,NA,NA,4.5,6,12.1,9,7.5,3,1.5,NA,NA,NA,NA,NA,NA
393500,290500,"Dudley","Dudley",1,3,9.1,5,2,NA,NA,1,NA,NA,3,NA,NA,NA,NA,NA,NA,1,5,14.1,15.1,18.1,24.2,17.1,11.1,5,1,NA,NA,NA,NA,1,NA,1,7,4,2,5,4,1,NA,2,1,1,NA,1
517500,180500,"Ealing M.B.","Ealing M.B.",NA,0.8,3.2,1.6,NA,0.8,NA,NA,NA,NA,0.8,NA,NA,NA,NA,NA,2.4,8.1,25.9,29.9,12.1,13.7,12.9,8.9,5.7,NA,1.6,1.6,0.8,NA,0.8,NA,NA,6.5,9.7,12.9,2.4,6.5,5.7,2.4,NA,2.4,2.4,0.8,NA,NA
524500,183500,"East Ham","East Ham",0.4,4.9,4.1,2,1.6,0.8,0.4,NA,0.4,NA,NA,NA,0.4,0.4,NA,2,8.1,32.1,53.7,46.8,12.2,9.4,6.9,6.5,2.8,2.8,1.2,1.2,NA,NA,0.8,2,2.8,2,5.3,6.5,4.5,1.6,1.2,1.6,0.4,NA,NA,NA,NA,NA
559500,100500,"Eastbourne","Eastbourne",NA,NA,1,1,1,NA,3.1,NA,1,1,NA,NA,NA,NA,1,2.1,2.1,4.2,18.9,14.7,4.2,13.6,6.3,11.5,7.3,1,2.1,NA,1,2.1,3.1,7.3,6.3,4.2,10.5,12.6,9.4,3.1,4.2,1,1,1,1,1,2.1,NA
318500,205500,"Ebbw Vale U.D.","Ebbw Vale U.D.",NA,4.4,10.2,2.9,4.4,1.5,NA,1.5,NA,NA,NA,NA,NA,NA,NA,NA,NA,2.9,2.9,2.9,1.5,11.7,11.7,4.4,5.8,2.9,NA,NA,1.5,NA,NA,1.5,1.5,NA,NA,2.9,7.3,7.3,10.2,5.8,4.4,1.5,1.5,1.5,NA,NA
377500,398500,"Eccles M.B.","Eccles M.B.",NA,5.3,2.6,1.3,1.3,1.3,NA,1.3,NA,NA,NA,NA,NA,NA,NA,NA,NA,2.6,3.9,14.5,14.5,25,18.4,3.9,6.6,10.5,9.2,7.9,NA,NA,NA,NA,1.3,2.6,2.6,10.5,7.9,3.9,2.6,3.9,6.6,NA,NA,NA,NA,1.3
533500,192500,"Edmonton U.D.","Edmonton U.D.",0.8,2.5,3.3,0.8,NA,0.8,NA,NA,NA,NA,0.8,NA,NA,3.3,4.9,9.8,23.7,33.5,31.9,15.5,9,8.2,12.3,7.4,5.7,0.8,3.3,NA,0.8,3.3,0.8,NA,4.1,5.7,8.2,7.4,2.5,4.9,2.8,0.8,4.1,NA,0.8,NA,NA,1.6
554500,280500,"Ely, Isle of","Ely, Isle of",NA,1.6,0.8,NA,NA,NA,NA,0.8,0.8,NA,NA,NA,NA,NA,NA,NA,NA,3.3,18.8,37.6,40.9,18.8,18,8.2,10.6,4.1,1.6,0.8,0.8,0.8,NA,NA,NA,NA,3.3,2.5,8.2,4.1,3.3,3.3,1.6,1.6,0.8,NA,NA,NA
533500,196500,"Enfield U.D.","Enfield U.D.",NA,2.9,1,1,1,1,NA,NA,NA,NA,NA,NA,NA,NA,1.9,3.8,12.4,26.8,38.3,16.3,12.4,8.6,7.7,3.8,1.9,1.9,NA,1,NA,NA,NA,1,1,1,10.5,10.5,5.7,4.8,3.8,5.7,1.9,1,1,NA,NA,NA
550500,177500,"Erith U.D.","Erith U.D.",NA,1.6,1.6,3.2,1.6,NA,NA,1.6,NA,NA,1.6,NA,NA,NA,1.6,1.6,6.4,11.1,23.9,23.9,11.1,8,3.2,11.1,NA,3.2,1.6,NA,NA,NA,1.6,NA,1.6,NA,3.2,3.2,8,1.6,1.6,NA,NA,3.2,3.2,NA,NA,NA
455500,519500,"Eston U.D.","Eston U.D.",5.5,20.3,36.9,5.5,NA,1.8,1.8,1.8,NA,NA,NA,NA,NA,NA,NA,NA,NA,1.8,9.2,22.1,11.1,16.6,14.8,11.1,12.9,7.4,3.7,3.7,1.8,NA,NA,NA,NA,3.7,1.8,5.5,9.2,5.5,5.5,3.7,NA,9.2,1.8,3.7,NA,1.8
292500,92500,"Exeter","Exeter",NA,1,1,NA,1,1,NA,NA,NA,NA,NA,NA,1,NA,8.3,27,20.7,30.1,18.7,10.4,9.3,2.1,4.1,NA,2.1,1,NA,NA,1,1,NA,NA,1,3.1,6.2,18.7,13.5,11.4,4.1,2.1,7.3,4.1,2.1,1,1,1
373500,405500,"Farnworth U.D.","Farnworth U.D.",NA,NA,4.4,6.5,2.2,2.2,2.2,NA,NA,2.2,NA,NA,NA,NA,NA,6.5,4.4,13.1,4.4,13.1,2.2,2.2,6.5,6.5,2.2,2.2,NA,NA,NA,NA,NA,2.2,NA,19.6,47.9,30.5,15.3,2.2,10.9,NA,4.4,2.2,2.2,2.2,NA,NA
427500,561500,"Felling U.D.","Felling U.D.",NA,4.3,2.1,6.4,NA,2.1,NA,NA,NA,NA,NA,NA,NA,NA,NA,NA,NA,6.4,17.1,36.4,36.4,23.6,19.3,8.6,8.6,6.4,2.1,NA,NA,NA,2.1,NA,NA,NA,12.8,15,15,4.3,6.4,NA,6.4,NA,NA,NA,NA,NA
525500,190500,"Finchley U.D.","Finchley U.D.",1.2,NA,NA,NA,NA,NA,NA,NA,NA,NA,NA,NA,NA,NA,1.2,NA,6,13.3,29,35,10.9,8.4,12.1,8.4,3.6,2.4,6,1.2,1.2,NA,1.2,NA,4.8,7.2,9.7,4.8,7.2,2.4,3.6,NA,2.4,NA,NA,NA,1.2,NA
621500,136500,"Folkestone M.B.","Folkestone M.B.",NA,NA,NA,NA,NA,1.8,NA,NA,NA,NA,NA,NA,NA,NA,NA,1.8,NA,1.8,12.7,18.2,16.4,21.8,12.7,7.3,5.5,1.8,3.6,3.6,1.8,1.8,NA,1.8,NA,7.3,5.5,9.1,12.7,14.5,NA,1.8,NA,3.6,NA,NA,NA,NA
481500,389500,"Gainsborough U.D.","Gainsborough U.D.",NA,NA,5.3,10.7,13.4,2.7,NA,2.7,2.7,NA,NA,NA,NA,NA,NA,NA,NA,NA,29.4,42.8,64.2,56.1,56.1,32.1,8,2.7,NA,NA,NA,NA,NA,NA,NA,NA,NA,5.3,5.3,8,NA,8,2.7,10.7,NA,5.3,2.7,NA
424500,560500,"Gateshead","Gateshead",0.4,4,9.3,7.1,1.3,1.3,0.4,NA,NA,NA,NA,NA,NA,0.4,NA,NA,0.9,2.7,8,20.9,21.4,18.7,11.6,4,2.2,NA,0.9,0.9,0.9,NA,0.4,NA,2.7,5.3,13.8,16,14.2,8.9,1.8,1.8,0.9,1.8,NA,0.9,0.4,0.4
313500,196500,"Gelligaer U.D.","Gelligaer U.D.",1.4,1.4,7,8.4,2.8,2.8,NA,NA,NA,NA,NA,1.4,NA,NA,NA,4.2,12.6,22.5,18.3,12.6,11.2,5.6,5.6,8.4,8.4,4.2,1.4,4.2,2.8,NA,1.4,NA,1.4,NA,1.4,1.4,1.4,5.6,2.8,1.4,NA,2.8,1.4,NA,1.4,NA
577500,167500,"Gillingham M.B.","Gillingham M.B.",NA,4.8,1.2,1.2,1.2,NA,1.2,NA,NA,NA,NA,NA,1.2,NA,NA,NA,2.4,18.1,30.2,26.6,16.9,12.1,4.8,4.8,2.4,2.4,NA,1.2,NA,NA,NA,NA,NA,3.6,4.8,2.4,4.8,3.6,2.4,1.8,1.8,NA,1.8,1.8,1.8,NA
403500,393500,"Glossop M.B.","Glossop M.B.",NA,5.6,5.6,8.5,2.8,2.8,NA,NA,2.8,NA,NA,NA,NA,NA,NA,NA,NA,NA,NA,2.8,5.6,11.3,14.1,8.5,11.3,NA,5.6,2.8,5.6,NA,NA,2.8,NA,NA,5.6,8.5,8.5,2.8,14.1,11.3,8.5,16.9,14.1,NA,NA,NA
383500,218500,"Gloucester","Gloucester",NA,NA,NA,3.3,1.1,5.5,2.2,1.1,1.1,2.2,NA,NA,NA,1.1,3.3,20.9,32,26.5,24.3,15.4,8.8,4.4,11,7.7,4.4,2.2,4.4,NA,NA,NA,NA,1.1,1.1,4.4,8.8,13.2,9.9,7.7,8.8,2.2,NA,1.1,2.2,1.1,1.1,1.1
474500,423500,"Goole U.D.","Goole U.D.",NA,NA,6.3,6.3,3.2,NA,3.2,NA,NA,NA,NA,NA,NA,NA,3.2,NA,NA,6.3,28.5,12.7,34.8,28.5,12.7,22.2,22.2,9.5,6.3,6.3,NA,6.3,NA,NA,NA,6.3,NA,3.2,3.2,NA,NA,6.3,NA,NA,NA,NA,NA,NA
459500,100500,"Gosport and Alverstoke U.D.","Gosport and Alverstoke U.D.",NA,NA,1.9,3.7,NA,NA,1.9,NA,NA,NA,NA,NA,NA,NA,5.6,11.2,24.3,18.7,9.3,1.9,NA,3.7,3.7,NA,3.7,NA,NA,NA,NA,NA,1.9,NA,NA,1.9,7.5,15,11.2,3.7,3.7,1.9,1.9,NA,3.7,NA,NA,NA
491500,336500,"Grantham M.B.","Grantham M.B.",NA,2.6,2.6,NA,NA,NA,NA,NA,NA,NA,NA,NA,NA,NA,NA,NA,NA,NA,17.9,33.2,61.2,30.6,48.5,10.2,7.7,5.1,NA,NA,NA,2.6,5.1,NA,NA,2.6,7.7,7.7,2.6,5.1,NA,2.6,NA,NA,NA,NA,NA,NA
565500,174500,"Gravesend M.B.","Gravesend M.B.",1.9,NA,NA,3.8,NA,NA,NA,NA,NA,NA,NA,NA,NA,NA,NA,NA,5.6,7.5,28.5,26.3,15,16.9,3.8,15,13.1,5.6,1.9,NA,1.9,NA,NA,NA,1.9,5.6,3.8,16.9,1.9,NA,1.9,1.9,NA,NA,NA,NA,NA,NA
652500,307500,"Great Yarmouth","Great Yarmouth",1.2,1.2,4.6,4.6,NA,NA,NA,1.2,NA,NA,NA,1.2,1.2,NA,1.2,5.8,18.5,30,32.3,30,20.8,16.1,8.1,5.8,3.5,1.2,NA,3.5,NA,NA,NA,1.2,1.2,1.2,9.2,15,17.3,12.7,8.1,6.9,4.6,2.3,2.3,1.2,1.2,1.2
527500,409500,"Grimsby","Grimsby",NA,6.1,6.9,3.8,NA,1.5,NA,NA,NA,NA,NA,NA,0.8,NA,1.5,NA,NA,1.5,4.6,2.3,22.2,21.5,49.1,25.3,14.6,1.5,0.8,0.8,NA,0.8,NA,NA,0.8,2.3,3.1,4.6,2.3,7.7,4.6,6.9,1.5,3.8,3.1,1.5,NA,NA
499500,149500,"Guildford M.B.","Guildford M.B.",NA,NA,NA,NA,NA,NA,NA,NA,NA,NA,NA,2.3,NA,NA,2.3,NA,NA,6.9,4.6,18.3,18.3,36.6,45.8,16,6.9,NA,NA,NA,NA,NA,NA,NA,6.9,4.6,18.3,2.3,16,4.6,2.3,NA,2.3,6.9,NA,NA,NA,2.3
409500,425500,"Halifax","Halifax",NA,3.9,2.2,6.7,2.2,1.1,NA,NA,0.6,NA,NA,NA,NA,0.6,0.6,NA,1.7,2.8,12.3,13.4,21.7,20.6,27.3,15.6,4.5,6.1,2.2,2.2,3.9,2.2,NA,NA,2.2,3.9,8.4,11.7,9.5,5.6,2.2,1.7,1.1,1.7,1.1,0.6,NA,1.1
430500,455500,"Harrogate M.B.","Harrogate M.B.",NA,NA,1.6,3.1,1.6,NA,1.6,NA,NA,NA,NA,NA,NA,NA,NA,NA,NA,3.1,9.4,26.6,28.2,23.5,12.5,7.8,4.7,12.5,NA,NA,4.7,NA,1.6,NA,1.6,4.7,3.1,4.7,3.1,4.7,4.7,NA,NA,NA,1.6,NA,NA,1.6
450500,532500,"Hartlepool M.B.","Hartlepool M.B.",5.7,17.1,17.1,8.6,5.7,NA,NA,NA,NA,NA,NA,NA,NA,NA,NA,NA,NA,NA,NA,20,25.7,60,48.6,31.4,14.3,2.9,NA,2.9,NA,NA,2.9,5.7,8.6,2.9,14.3,25.7,28.6,8.6,5.7,NA,2.9,NA,2.9,NA,NA,2.9
581500,110500,"Hastings","Hastings",NA,1,1,NA,NA,NA,NA,NA,NA,NA,NA,1,NA,NA,1,2,3,7,30.1,34.1,14,8,13,15,6,4,2,4,2,3,1,1,4,7,5,8,3,4,3,1,2,1,NA,NA,1,1
431500,564500,"Hebburn U.D.","Hebburn U.D.",NA,9.6,14.4,12,NA,2.4,2.4,NA,NA,NA,NA,NA,NA,NA,NA,NA,2.4,7.2,21.6,81.5,67.1,33.6,60,28.8,4.8,4.8,7.2,NA,NA,2.4,14.4,2.4,24,12,19.2,24,50.4,26.4,2.4,2.4,4.8,NA,2.4,NA,2.4,NA
523500,189500,"Hendon U.D.","Hendon U.D.",1,4.2,2.1,NA,NA,1,NA,1,NA,NA,NA,NA,NA,NA,NA,3.1,6.3,13.6,32.5,14.7,14.7,5.2,9.4,6.3,5.2,4.2,NA,2.1,1,NA,NA,NA,NA,2.1,6.3,11.5,6.3,1,NA,1,NA,NA,1,NA,NA,1
351500,240500,"Hereford M.B.","Hereford M.B.",NA,NA,4.3,6.5,6.5,4.3,NA,NA,NA,NA,NA,NA,NA,NA,NA,NA,NA,NA,NA,8.6,15.1,21.6,17.2,8.6,8.6,NA,4.3,4.3,NA,2.2,NA,NA,NA,NA,NA,NA,2.2,2.2,4.3,NA,2.2,2.2,NA,NA,2.2,NA
512500,177500,"Heston and Isleworth U.D.","Heston and Isleworth U.D.",4.1,1.4,1.4,NA,NA,NA,NA,NA,NA,NA,NA,NA,NA,NA,NA,NA,1.4,9.5,19,39.3,24.4,12.2,29.8,12.2,6.8,1.4,NA,1.4,NA,1.4,NA,NA,NA,5.4,6.8,5.4,9.5,1.4,2.7,NA,NA,1.4,4.1,1.4,NA,NA
385500,410500,"Heywood M.B.","Heywood M.B.",4.8,21.4,33.3,4.8,NA,2.4,NA,NA,NA,NA,NA,NA,NA,NA,NA,NA,NA,NA,2.4,9.5,28.5,59.4,23.8,23.8,4.8,4.8,2.4,NA,NA,2.4,NA,2.4,NA,2.4,11.9,NA,7.1,2.4,4.8,4.8,2.4,NA,2.4,4.8,NA,NA
362500,404500,"Hindley U.D.","Hindley U.D.",NA,7.1,16.6,7.1,9.5,2.4,NA,2.4,2.4,NA,NA,NA,NA,NA,NA,4.7,9.5,28.4,14.2,NA,4.7,NA,4.7,7.1,NA,2.4,NA,NA,NA,NA,NA,2.4,NA,7.1,7.1,14.2,7.1,4.7,14.2,9.5,2.4,NA,7.1,7.1,4.7,2.4
530500,189500,"Hornsey M.B.","Hornsey M.B.",NA,2,2.6,2,0.7,0.7,0.7,NA,NA,NA,NA,NA,NA,NA,4.6,7.9,19.1,32.3,22.4,11.2,14.5,11.8,3.3,5.3,1.3,0.7,NA,NA,2,NA,0.7,0.7,1.3,5.9,13.2,12.5,8.6,2.6,2.6,1.3,1.3,2,1.3,0.7,0.7,NA
528500,105500,"Hove M.B.","Hove M.B.",NA,NA,2.6,NA,1.3,1.3,NA,NA,NA,NA,1.3,NA,NA,NA,NA,NA,5.1,15.3,23,20.5,14.1,12.8,10.2,5.1,7.7,3.8,NA,1.3,NA,2.6,NA,2.6,5.1,6.4,9,5.1,7.7,1.3,3.8,2.6,NA,NA,NA,NA,1.3,NA
414500,416500,"Huddersfield","Huddersfield",7.9,17.8,11.4,1.5,2.5,0.5,0.5,0.5,0.5,0.5,NA,NA,0.5,NA,0.5,0.5,2.5,5.4,5.9,7.4,4,7.4,8.4,6.4,3.5,3,2,1,1,2,2,3,12.9,12.4,14.9,14.9,10.4,3.5,3.5,0.5,1,1,1,1,NA,0.5
394500,394500,"Hyde M.B.","Hyde M.B.",NA,5,8.6,8.6,3.4,NA,NA,NA,NA,NA,NA,NA,NA,NA,NA,NA,NA,NA,1.7,12,17.2,39.5,36,32.6,20.6,10.3,3.4,NA,1.7,NA,NA,1.7,NA,6.9,5.1,1.7,6.9,12,3.4,8.6,6.9,1.7,1.7,NA,3.4,NA
544500,186500,"Ilford U.D.","Ilford U.D.",NA,2.9,2.1,NA,2.1,0.7,NA,NA,NA,NA,NA,0.7,NA,0.7,2.1,1.4,8.6,23.6,42.9,33.6,17.9,12.9,16.5,3.6,1.4,3.6,0.7,NA,NA,0.7,NA,1.4,1.4,2.9,10,7.9,5,5,2.9,0.7,0.7,1.4,4.3,0.7,NA,1.4
446500,342500,"Ilkeston M.B.","Ilkeston M.B.",NA,3.6,5.4,5.4,3.6,1.8,NA,NA,NA,NA,NA,NA,NA,NA,NA,1.8,1.8,16.1,30.4,48.2,32.1,32.1,19.6,21.4,8.9,8.9,NA,3.6,1.8,NA,1.8,NA,NA,3.6,7.1,1.8,8.9,7.1,1.8,1.8,3.6,1.8,1.8,NA,1.8,1.8
358500,404500,"Ince-in-Makerfield U.D.","Ince-in-Makerfield U.D.",NA,5.1,12.7,22.8,15.2,12.7,2.5,NA,NA,NA,NA,NA,NA,2.5,2.5,5.1,12.7,15.2,7.6,7.6,2.5,5.1,5.1,2.5,5.1,NA,NA,NA,NA,2.5,2.5,7.6,10.1,17.7,2.5,2.5,7.6,10.1,2.5,NA,5.1,NA,NA,NA,NA,NA
616500,244500,"Ipswich","Ipswich",NA,NA,NA,0.7,2.9,0.7,NA,0.7,NA,NA,NA,0.7,NA,0.7,NA,0.7,NA,4.3,10.8,27.3,30.8,24.4,18.7,12.2,2.2,2.2,1.4,0.7,NA,NA,NA,NA,2.2,3.6,12.9,13.6,5.7,5.7,2.2,2.9,0.7,NA,0.7,NA,0.7,NA
434500,565500,"Jarrow M.B.","Jarrow M.B.",1.5,6.1,3.1,1.5,NA,NA,1.5,NA,NA,1.5,NA,NA,NA,NA,NA,NA,1.5,9.2,36.7,68.8,55,33.6,26,12.2,10.7,3.1,3.1,NA,3.1,3.1,NA,12.2,4.6,3.1,3.1,27.5,30.6,18.3,6.1,7.6,1.5,4.6,3.1,NA,NA,NA
406500,441500,"Keighley M.B.","Keighley M.B.",NA,2.7,4.1,1.4,4.1,1.4,1.4,NA,NA,NA,1.4,NA,NA,NA,NA,1.4,5.5,26.1,50.8,43.9,16.5,12.3,9.6,6.9,6.9,1.4,2.7,NA,NA,NA,1.4,NA,NA,1.4,11,4.1,4.1,8.2,2.7,4.1,1.4,1.4,1.4,NA,NA,2.7
487500,278500,"Kettering U.D.","Kettering U.D.",NA,NA,NA,1.8,NA,NA,NA,NA,NA,NA,NA,NA,NA,NA,1.8,1.8,NA,3.7,1.8,1.8,3.7,9.2,16.5,7.4,5.5,NA,3.7,NA,3.7,5.5,NA,NA,1.8,NA,5.5,44.1,33.1,9.2,3.7,1.8,NA,1.8,3.7,NA,NA,NA
382500,276500,"Kidderminster M.B.","Kidderminster M.B.",NA,NA,2.3,2.3,NA,NA,NA,NA,NA,NA,NA,NA,NA,NA,NA,NA,2.3,22.8,52.5,84.5,63.9,38.8,22.8,6.8,6.8,NA,4.6,4.6,NA,NA,NA,6.8,2.3,4.6,4.6,16,20.5,9.1,4.6,2.3,4.6,NA,NA,NA,NA,NA
561500,320500,"King's Lynn M.B.","King's Lynn M.B.",NA,NA,NA,NA,2.9,NA,NA,NA,NA,NA,NA,NA,NA,NA,NA,2.9,2.9,8.7,40.8,96.2,43.7,17.5,11.7,NA,NA,NA,5.8,5.8,NA,NA,NA,NA,NA,NA,2.9,5.8,5.8,5.8,NA,NA,NA,NA,NA,NA,NA,NA
518500,170500,"Kingston-on-Thames M.B.","Kingston-on-Thames M.B.",NA,2.9,1.4,NA,NA,NA,NA,NA,NA,NA,1.4,NA,1.4,NA,NA,1.4,7.2,21.5,30.1,25.8,10,12.9,11.5,8.6,5.7,1.4,1.4,2.9,NA,NA,1.4,1.4,4.3,4.3,5.7,18.6,17.2,4.3,2.9,2.9,NA,1.4,NA,1.4,1.4,NA
509500,429500,"Kingston-upon-Hull","Kingston-upon-Hull",1.5,3.7,6,5,0.6,1.1,0.4,NA,0.4,0.2,NA,NA,NA,NA,0.2,4.7,16.8,34.1,50.1,33,16.8,14.7,8.2,5.2,4.7,3.2,1.7,1.5,1.9,0.6,0.9,0.2,2.6,3,12.1,14.2,13.4,5.8,3.7,2.2,1.9,3.5,1.3,0.9,0.9,0.9
347500,461500,"Lancaster M.B.","Lancaster M.B.",NA,1.3,1.3,NA,NA,NA,NA,NA,NA,NA,NA,NA,1.3,1.3,NA,1.3,9.2,25,28.9,25,15.8,3.9,2.6,2.6,1.3,1.3,NA,NA,NA,NA,1.3,NA,NA,6.6,6.6,7.9,6.6,5.3,2.6,1.3,1.3,NA,NA,NA,1.3,NA
430500,434500,"Leeds","Leeds",1.8,6.6,6.2,2.8,1.3,0.2,0.2,0.5,0.5,0.5,0.1,0.1,0.2,0.5,0.6,0.7,5.9,14,27.7,29.5,25.2,18.4,12.8,7,3.4,1,2.2,2.1,1.2,1,1.6,1.2,2.2,4.3,11.2,15.6,11.8,8.4,4.5,2.8,1.7,1.6,1.1,0.7,0.4,0.4
458500,304500,"Leicester","Leicester",0.3,1.8,6.2,7.7,1.3,NA,1.3,0.3,0.5,NA,0.3,0.3,NA,0.3,0.3,2.3,19,52.1,66.2,34.4,16.2,4.6,4.9,4.6,2.6,2.3,0.5,0.8,0.5,0.3,NA,0.3,0.5,4.4,19.3,19.8,13.9,10,3.3,1.5,2.3,0.3,0.3,0.3,0.3,1.3
365500,400500,"Leigh M.B.","Leigh M.B.",1.3,1.3,6.3,12.6,10.1,3.8,2.5,NA,NA,NA,NA,NA,1.3,NA,NA,2.5,21.5,32.8,10.1,20.2,5.1,3.8,NA,5.1,6.3,1.3,5.1,1.3,1.3,2.5,3.8,3.8,15.2,29,17.7,16.4,8.8,8.8,1.3,1.3,NA,1.3,NA,NA,1.3,NA
537500,186500,"Leyton U.D.","Leyton U.D.",1,3.4,1.4,1.4,0.5,0.5,NA,NA,NA,NA,NA,NA,NA,NA,0.5,1.9,14.5,32.8,41,32.8,12.5,9.2,5.8,4.3,2.4,3.9,1.4,NA,1,0.5,NA,0.5,NA,6.3,8.2,13,10.1,2.4,2.4,2.4,0.5,NA,1,0.5,NA,0.5
497500,371500,"Lincoln","Lincoln",NA,0.9,2.6,2.6,NA,NA,0.9,NA,NA,NA,NA,NA,NA,NA,NA,0.9,4.3,12.1,19.1,22.5,20.8,14.7,23.4,17.3,7.8,7.8,0.9,4.3,0.9,3.5,NA,NA,NA,2.6,12.1,6.1,7.8,1.7,2.6,3.5,1.7,2.6,0.9,NA,0.9,0.9
337500,391500,"Liverpool","Liverpool",0.3,1.1,3,2.2,2.3,0.9,0.2,0.2,0.1,0.4,0.1,NA,0.1,1.2,2.5,9.4,16.7,15.6,13.3,8.5,5.5,4,5.3,5,4,3.2,3.5,5.2,4.1,2.4,3.2,2,5.2,11.8,13.7,14.4,11.6,5.5,3.2,2.7,1.4,1.2,0.4,0.2,0.4,0.2
323500,214500,"Llanelly M.B.","Llanelly M.B.",NA,1.6,3.1,6.2,3.1,4.7,NA,NA,NA,1.6,NA,NA,NA,1.6,1.6,1.6,4.7,20.2,34.3,28,23.4,6.2,18.7,1.6,3.1,1.6,NA,1.6,NA,NA,NA,NA,NA,NA,9.3,7.8,14,4.7,3.1,1.6,3.1,1.6,3.1,NA,1.6,NA
530500,180500,"London Boroughs","London Boroughs",1.2,3.4,3.7,2.2,1,0.4,0.4,0.2,0.2,0.1,0.2,0.2,0.2,0.2,0.3,1.5,6.8,20.8,35,31.8,20.9,15.3,12.1,7.9,3.5,2.2,1.3,0.9,0.8,0.6,0.5,0.9,1.6,4.9,9.6,10.9,7.8,4.7,2.8,1.6,1.4,1.2,1.1,0.6,0.5,0.4
453500,319500,"Loughborough M.B.","Loughborough M.B.",NA,NA,NA,NA,2.4,NA,NA,NA,NA,NA,2.4,NA,NA,NA,2.4,7.1,23.6,49.6,59.1,42.6,7.1,9.5,9.5,4.7,NA,NA,NA,7.1,NA,NA,NA,NA,NA,NA,9.5,7.1,4.7,11.8,7.1,NA,4.7,4.7,NA,NA,NA,NA
654500,292500,"Lowestoft M.B.","Lowestoft M.B.",NA,NA,NA,NA,NA,NA,NA,1.7,1.7,NA,NA,NA,NA,NA,NA,1.7,NA,6.9,13.8,24.2,19,20.7,15.5,5.2,6.9,NA,1.7,1.7,3.5,1.7,NA,1.7,NA,6.9,1.7,8.6,10.4,6.9,3.5,1.7,NA,NA,NA,NA,NA,NA
509500,221500,"Luton M.B.","Luton M.B.",NA,NA,1,NA,NA,NA,NA,NA,NA,NA,NA,NA,NA,1,NA,NA,1.9,4.8,32.6,26.9,18.2,18.2,8.6,4.8,2.9,1,1,NA,NA,1.9,1,NA,1,NA,1.9,6.7,NA,1,1.9,1.9,1,1.9,1,NA,NA,NA
391500,373500,"Macclesfield M.B.","Macclesfield M.B.",NA,NA,3.5,3.5,8.8,NA,3.5,NA,NA,NA,NA,NA,NA,NA,1.8,NA,NA,NA,NA,5.3,26.4,45.8,29.9,19.4,3.5,NA,NA,1.8,NA,NA,1.8,NA,NA,1.8,3.5,3.5,8.8,5.3,3.5,1.8,NA,1.8,1.8,NA,NA,NA
285500,191500,"Maesteg U.D.","Maesteg U.D.",NA,1.9,1.9,3.9,1.9,1.9,1.9,NA,NA,NA,NA,NA,NA,NA,NA,NA,NA,NA,3.9,9.7,5.8,15.5,5.8,1.9,5.8,1.9,NA,1.9,1.9,NA,NA,1.9,1.9,NA,1.9,3.9,NA,NA,1.9,5.8,1.9,3.9,1.9,NA,1.9,1.9
576500,155500,"Maidstone M.B.","Maidstone M.B.",NA,NA,3.4,NA,1.7,NA,NA,1.7,NA,NA,NA,NA,NA,NA,NA,NA,1.7,NA,15.3,40.9,37.5,39.2,20.4,23.9,10.2,8.5,NA,NA,5.1,NA,NA,NA,1.7,5.1,11.9,22.1,6.8,NA,3.4,NA,1.7,1.7,NA,NA,NA,NA
383500,398500,"Manchester","Manchester",1.3,6.5,8.8,5.8,2,0.6,0.2,0.2,0.3,0.2,0.2,0.2,0.2,0.1,0.2,0.2,0.9,3.1,7.2,13.9,20.4,28.7,27.6,16.3,6.6,4.2,2.3,1.3,1.1,1.1,0.4,1.2,2.5,5.6,11.3,16.5,15.5,7.3,5.2,4.2,2.3,1.5,1.7,0.9,0.5,0.9
453500,361500,"Mansfield M.B.","Mansfield M.B.",1.3,9.4,8.1,1.3,NA,1.3,NA,NA,NA,NA,NA,NA,NA,NA,NA,NA,NA,5.4,5.4,8.1,20.2,31,43.1,22.9,5.4,2.7,2.7,1.3,1.3,2.7,1.3,1.3,1.3,2.7,4,2.7,4,4,6.7,NA,NA,NA,NA,NA,NA,NA
635500,170500,"Margate M.B.","Margate M.B.",NA,NA,NA,NA,NA,3,NA,NA,NA,NA,NA,NA,3,9.1,NA,6.1,3,12.2,48.6,54.7,36.5,6.1,6.1,9.1,NA,NA,NA,NA,NA,3,NA,NA,NA,NA,12.2,15.2,NA,NA,NA,NA,3,NA,NA,3,NA,NA
305500,206500,"Merthyr Tydfil","Merthyr Tydfil",3.6,5.1,8.7,4.3,2.9,0.7,1.4,NA,1.4,NA,NA,0.7,NA,0.7,NA,0.7,NA,4.3,2.2,10.1,7.2,19.5,20.9,15.2,5.8,2.9,0.7,1.7,0.7,2.2,2.9,NA,1.4,NA,2.2,2.9,6.5,7.2,5.1,8.7,7.2,4.3,5.8,2.9,2.2,NA
451500,518500,"Middlesborough","Middlesborough",4.5,14.4,11.7,4.1,1.4,NA,NA,0.5,NA,0.5,0.5,NA,NA,NA,NA,0.9,3.6,20.7,32,23,14.4,5.4,14.9,7.7,3.6,1.8,1.8,2.3,0.5,0.9,0.5,NA,0.9,2.7,6.3,12.6,6.8,15.8,7.7,6.3,1.4,0.5,NA,0.5,NA,NA
387500,406500,"Middleton M.B.","Middleton M.B.",NA,12.3,12.3,6.1,4.1,NA,NA,NA,NA,NA,NA,NA,NA,NA,NA,NA,6.1,2,6.1,10.2,16.4,8.2,20.5,12.3,2,6.1,2,NA,NA,2,2,NA,4.1,6.1,12.3,12.3,12.3,6.1,NA,2,2,2,NA,NA,NA,NA
528500,168500,"Mitcham U.D.","Mitcham U.D.",NA,NA,1.7,6.8,3.4,NA,NA,NA,NA,NA,NA,NA,NA,1.7,NA,NA,3.4,27.2,51,49.3,22.1,11.9,10.2,10.2,3.4,1.7,NA,NA,NA,NA,NA,NA,NA,1.7,10.2,6.8,1.7,5.1,1.7,1.7,5.1,NA,NA,1.7,NA,NA
426500,427500,"Morley M.B.","Morley M.B.",NA,7,4.7,NA,2.3,2.3,NA,NA,NA,NA,NA,NA,NA,NA,NA,NA,11.7,23.5,9.4,14.1,7,14.1,4.7,4.7,4.7,2.3,9.4,NA,2.3,NA,NA,NA,2.3,2.3,7,9.4,11.7,2.3,2.3,NA,7,NA,NA,NA,NA,2.3
304500,199500,"Mountain Ash U.D.","Mountain Ash U.D.",NA,2.6,6.5,10.3,6.5,3.9,3.9,1.3,NA,2.6,NA,NA,1.3,NA,NA,2.6,1.3,16.8,32.3,25.8,2.6,3.9,11.6,5.2,3.9,6.5,NA,2.6,NA,1.3,1.3,NA,1.3,2.6,10.3,16.8,15.5,7.7,2.6,2.6,1.3,1.3,1.3,NA,3.9,NA
386500,437500,"Nelson M.B.","Nelson M.B.",1.5,12.2,9.1,6.1,1.5,6.1,3,NA,NA,NA,NA,NA,NA,NA,NA,3,NA,4.6,1.5,6.1,12.2,6.1,18.3,7.6,1.5,3,1.5,NA,NA,NA,NA,NA,1.5,4.6,19.8,10.7,19.8,7.6,4.6,3,NA,NA,NA,NA,NA,NA
385500,346500,"Newcastle-under-Lyme M.B.","Newcastle-under-Lyme M.B.",NA,5.8,8.7,17.4,NA,NA,NA,NA,NA,NA,NA,NA,NA,NA,NA,2.9,2.9,11.6,20.3,14.5,34.8,29,5.8,11.6,NA,NA,NA,2.9,NA,NA,8.7,NA,2.9,5.8,20.3,8.7,14.5,23.2,2.9,5.8,2.6,2.9,5.8,2.9,NA,NA
425500,564500,"Newcastle-upon-Tyne","Newcastle-upon-Tyne",1,5.9,8.8,5.5,2.2,1,0.2,NA,NA,0.4,NA,NA,NA,NA,0.4,0.2,0.4,2,7.3,14.9,15.1,23,19.8,13.3,7.5,2.9,2.9,1.4,1,0.8,0.4,2.9,11.2,24.1,32,16.5,11.2,5.7,4.7,2,1.8,1.6,0.6,0.6,1.2,0.8
330967,187829,"Newport (Mon.)","Newport (Mon.)",0.6,1.9,2.6,2.6,4.5,2.6,1.3,0.6,1.3,NA,NA,NA,NA,1.9,1.3,1.9,1.9,11.5,9.6,7,7,9.6,5.8,5.1,3.2,1.9,1.9,1.3,NA,1.3,3.2,1.9,1.3,1.3,12.2,17.3,8.3,7.7,4.5,1.9,2.6,1.9,1.3,1.3,NA,NA
475500,261500,"Northampton","Northampton",NA,1.3,1.3,NA,0.6,1.9,NA,NA,NA,NA,NA,NA,NA,NA,1.3,2.6,11.6,34.7,36,18,9,7.1,3.9,1.9,NA,1.3,4.5,NA,NA,0.6,NA,0.6,1.3,1.9,5.1,2.6,5.8,8.4,1.3,2.6,3.2,NA,1.3,NA,1.9,NA
623500,308500,"Norwich","Norwich",NA,0.5,NA,1,1,NA,0.5,NA,NA,NA,NA,NA,NA,NA,0.5,NA,0.5,2.9,17.5,36.5,38.4,25.3,12.6,9.7,3.9,2.9,1.5,1.5,1,1,1,0.5,1.5,1.5,3.4,2.9,5.3,6.8,7.8,3.9,1.19,2.4,1.9,NA,1.5,1
456500,341500,"Nottingham","Nottingham",0.2,0.9,5.5,4.4,3.3,0.9,0.7,0.2,NA,NA,NA,NA,0.2,0.2,NA,NA,NA,2.4,13.3,27.4,46.7,50,58.2,27.9,10.4,3.3,1.5,0.7,0.4,1.1,0.2,0.4,0.7,2.4,9.7,10.4,8.4,5.5,4,1.1,1.8,1.5,1.1,0.4,1.1,NA
436500,291500,"Nuneaton M.B.","Nuneaton M.B.",NA,1.4,2.9,2.9,4.3,1.4,1.4,NA,NA,NA,NA,1.4,NA,NA,NA,NA,1.4,4.3,24.3,32.9,45.8,40.1,25.8,5.7,5.7,2.9,1.4,1.4,1.4,NA,4.3,1.4,4.3,5.7,1.4,2.9,NA,2.9,1.4,1.4,8.6,2.9,NA,2.9,1.4,NA
285500,176500,"Ogmore and Garw U.D.","Ogmore and Garw U.D.",NA,1.9,1.9,5.6,5.6,5.6,NA,NA,NA,NA,NA,NA,NA,NA,1.9,NA,1.9,NA,NA,NA,5.6,55.9,106.1,48.4,24.2,3.7,7.4,NA,NA,NA,NA,NA,NA,NA,NA,3.7,1.9,1.9,1.9,NA,3.7,NA,1.9,NA,NA,NA
398500,288500,"Oldbury U.D.","Oldbury U.D.",1.5,4.5,4.5,4.5,NA,1.5,NA,NA,NA,NA,NA,NA,NA,NA,NA,NA,NA,NA,8.9,3,13.4,51.9,51.9,23.7,7.7,3,1.5,1.5,NA,NA,NA,NA,3,NA,3,1.5,10.4,13.4,10.4,10.4,NA,3,NA,1.5,NA,NA
392500,404500,"Oldham","Oldham",1.2,10.6,16,8.2,0.8,1.6,1.2,NA,NA,NA,0.4,0.4,NA,NA,0.4,NA,NA,0.1,12.5,26.2,34.8,23.1,18,13.7,5.1,4.3,2.3,1.6,0.4,0.4,NA,0.4,NA,2.7,7,11,8.2,9.8,5.5,5.1,2.3,1.2,0.4,0.8,0.4,0.8
451500,206500,"Oxford","Oxford",NA,NA,3.2,2.1,3.2,1.1,NA,1.1,1.1,NA,NA,NA,NA,NA,NA,2.1,33.7,63.2,61.1,39,8.4,2.1,4.2,6.3,3.2,1.1,1.1,NA,NA,NA,NA,2.1,NA,3.2,8.4,6.3,1.1,3.2,NA,1.1,2.1,1.1,NA,NA,NA,NA
534500,170500,"Penge U.D.","Penge U.D.",NA,NA,NA,4.6,NA,NA,NA,NA,NA,NA,NA,NA,NA,NA,NA,2.3,9.2,25.3,11.5,34.6,11.5,16.1,9.2,2.3,2.3,2.3,NA,NA,NA,NA,NA,NA,NA,NA,9.2,11.5,6.9,NA,6.9,2.3,2.3,4.6,2.3,NA,NA,NA
519500,299500,"Peterborough M.B.","Peterborough M.B.",NA,1.5,4.4,NA,1.5,NA,NA,NA,NA,NA,NA,NA,NA,NA,NA,NA,NA,1.5,NA,4.4,25.1,25.1,32.4,13.3,7.4,NA,NA,1.5,1.5,NA,NA,NA,1.5,5.9,8.8,7.4,11.8,7.4,1.5,NA,4.4,NA,NA,NA,2.9,1.5
247500,56500,"Plymouth","Plymouth",NA,1.7,1.2,3.8,1.7,2.3,1.2,0.9,0.6,NA,0.3,0.3,0.6,0.9,4.6,7.3,15.4,28.4,36.6,15.1,6.1,4.1,2.9,1.7,0.6,0.3,0.9,1.5,0.3,0.9,0.6,0.9,1.2,2.3,4.9,8.4,6.7,4.6,2.6,2,1.5,1.7,2,NA,0.9,0.6
307500,189500,"Pontypridd U.D.","Pontypridd U.D.",NA,6.4,10.2,8.9,6.4,2.5,1.3,NA,NA,NA,NA,NA,NA,NA,NA,NA,NA,21.7,40.8,44.6,20.4,11.5,6.4,2.5,1.3,1.3,NA,1.3,1.3,1.3,NA,1.3,NA,1.3,2.5,3.8,6.4,5.1,2.5,1.3,1.3,NA,NA,NA,NA,NA
401500,91500,"Poole M.B.","Poole M.B.",NA,NA,NA,NA,NA,NA,NA,NA,NA,1.3,NA,NA,NA,NA,1.3,NA,8,21.3,36,24,12,4,1.3,4,1.3,6.7,NA,NA,NA,1.3,NA,1.3,1.3,1.3,2.7,1.3,4,5.3,5.3,2.7,NA,1.3,1.3,NA,1.3,NA
465500,101500,"Portsmouth","Portsmouth",0.3,0.8,0.3,0.3,0.5,1,2.1,NA,0.5,1.3,NA,NA,1.3,1.5,11,28.7,46.1,38.2,16.4,6.4,2.6,2.8,3.3,1.3,1.5,1.3,0.5,0.8,0.3,1.3,0.8,0.3,0.5,2.8,12.6,15.1,8.7,5.1,1.5,3.6,1.5,1.8,0.5,1.8,0.8,NA
353500,429500,"Preston","Preston",2,14.3,7.4,6.9,3.4,1,1,0.5,2.5,0.5,NA,0.5,NA,NA,NA,0.5,2,2.5,8.4,10.3,15.3,24.6,29.6,28.6,13.8,8.9,5.9,1,1,NA,0.5,NA,1.5,6.4,12.8,11.8,12.8,12.8,6.9,3.4,1,2.5,2.5,NA,0.5,NA
378500,407500,"Radcliffe U.D.","Radcliffe U.D.",NA,4.8,7.2,11.9,NA,4.8,4.8,NA,NA,NA,NA,NA,NA,NA,NA,NA,NA,2.7,7.2,4.8,4.8,4.8,7.2,2.4,2.4,4.8,2.4,NA,NA,2.4,NA,NA,NA,2.4,4.8,28.6,19.1,19.1,4.8,7.2,NA,NA,NA,2.4,NA,NA
638500,164500,"Ramsgate M.B.","Ramsgate M.B.",NA,NA,5.3,2.7,NA,NA,NA,NA,NA,NA,NA,NA,NA,NA,2.7,NA,NA,2.7,10.7,26.7,24.1,10.7,21.4,16,8,2.7,2.7,NA,NA,NA,NA,NA,2.7,5.3,8,18.7,2.7,2.7,5.3,NA,2.7,NA,NA,2.7,NA,NA
381500,424500,"Rawtenstall M.B.","Rawtenstall M.B.",14.5,18.6,14.5,NA,NA,NA,2.1,NA,NA,NA,NA,NA,NA,NA,NA,NA,NA,NA,2.1,2.1,2.1,6.2,8.3,16.5,6.2,4.1,4.1,NA,NA,NA,NA,NA,NA,4.1,6.2,14.5,10.3,6.2,2.1,12.4,6.2,2.1,NA,4.1,2.1,NA
471500,173500,"Reading","Reading",1.3,3.8,2.5,0.6,1.3,1.3,0.6,NA,0.6,NA,NA,NA,NA,NA,NA,0.6,3.2,9.5,27.8,33.5,20.3,11.4,12,7.6,7.6,3.2,NA,2.5,2.5,0.6,0.6,0.6,NA,3.2,7.6,7.6,5.7,8.2,5.1,3.2,2.5,0.6,NA,0.6,NA,0.6
526500,149500,"Reigate M.B.","Reigate M.B.",NA,3.9,NA,NA,NA,2,NA,NA,NA,NA,NA,NA,NA,NA,5.9,7.9,25.6,21.7,21.7,3.9,2,3.9,2,7.9,3.9,3.9,2,2,NA,NA,NA,NA,NA,NA,5.9,7.9,5.9,3.9,3.9,2,NA,NA,2,NA,NA,NA
297500,196500,"Rhondda U.D.","Rhondda U.D.",3.5,16.6,10.3,7.1,4.2,0.7,0.7,0.7,0.4,0.4,NA,0.4,0.4,NA,0.4,NA,2.8,6.4,11.3,20.2,16.6,14.9,14.2,9.9,6.4,3.5,1.4,0.4,0.7,1.4,0.7,0.4,1.1,4.6,8.5,8.1,6,6.7,2.1,3.9,4.2,4.6,2.1,2.5,0.7,0.4
518500,174500,"Richmond M.B.","Richmond M.B.",NA,NA,3.1,NA,1.6,NA,NA,NA,NA,NA,NA,1.6,NA,NA,NA,1.6,7.8,10.9,34.2,12.4,15.6,21.8,9.3,7.8,3.1,3.1,1.6,NA,1.6,1.6,NA,NA,1.6,4.7,7.8,14,NA,6.2,4.7,1.6,NA,NA,1.6,NA,NA,NA
389500,413500,"Rochdale","Rochdale",3.8,17.2,22.3,7,4.5,1.9,NA,1.3,0.6,NA,1.3,NA,NA,NA,NA,0.6,0.6,1.9,2.6,5.1,7.7,39,39,27.5,10.9,3.8,3.2,3.2,0.6,0.6,0.6,NA,3.2,1.3,7.7,9.6,5.7,7.7,4.5,3.8,1.3,0.6,0.6,1.6,NA,NA
572500,168500,"Rochester M.B.","Rochester M.B.",NA,NA,1.8,NA,1.8,NA,NA,1.8,NA,NA,NA,1.8,NA,NA,NA,NA,3.7,20.3,51.6,40.5,29.5,23.9,11,9.2,1.8,1.8,1.8,3.7,NA,NA,1.8,NA,NA,5.5,18.4,9.2,27.6,9.2,5.5,NA,1.8,1.8,NA,NA,NA,NA
443500,392500,"Rotherham","Rotherham",2.4,4,5.7,1.6,NA,NA,NA,NA,NA,NA,NA,NA,0.8,NA,0.8,NA,NA,8.1,31.6,42.9,60.7,42.9,19.4,9.7,6.5,3.2,0.8,NA,0.8,NA,NA,0.8,1.6,3.2,7.3,13,13,15.4,3.2,3.2,1.6,0.8,1.6,1.6,NA,0.8
396500,287500,"Rowley Regis U.D.","Rowley Regis U.D.",4.4,11.6,7.3,1.5,NA,NA,NA,NA,NA,NA,NA,NA,NA,1.5,NA,NA,NA,5.8,16,14.5,27.6,27.6,34.8,18.9,7.3,2.9,2.9,NA,NA,NA,NA,NA,2.9,16,46.4,29,13.1,8.7,5.8,4.4,NA,1.5,1.5,1.5,1.5,NA
431500,265500,"Royal Leamington Spa M.B.","Royal Leamington Spa M.B.",NA,NA,NA,1.9,1.9,NA,NA,NA,1.9,NA,NA,NA,NA,NA,NA,NA,NA,5.7,19,39.9,43.7,43.7,9.5,17.1,3.8,NA,1.9,NA,NA,NA,3.8,1.9,1.9,3.8,NA,5.7,1.9,1.9,1.9,1.9,NA,NA,NA,NA,NA,NA
558500,139500,"Royal Tunbridge Wells M.B.","Royal Tunbridge Wells M.B.",1.6,NA,1.6,1.6,NA,NA,NA,1.6,NA,NA,NA,NA,NA,NA,NA,NA,14.5,33.9,51.7,14.5,9.7,14.5,9.7,3.2,3.2,1.6,NA,NA,1.6,NA,NA,3.2,1.6,NA,9.7,6.5,4.8,3.2,3.2,3.2,1.6,NA,1.6,3.2,NA,1.6
450500,275500,"Rugby U.D.","Rugby U.D.",NA,4.6,6.9,NA,2.3,NA,NA,NA,NA,NA,NA,NA,NA,NA,NA,NA,18.4,23,57.5,34.5,27.6,13.8,6.9,2.3,6.9,2.3,2.3,NA,NA,NA,NA,NA,NA,4.6,18.4,20.7,16.1,NA,2.3,NA,2.3,NA,NA,NA,NA,NA
380500,398500,"Salford","Salford",2.7,12.7,9.5,6,1,1.7,0.7,0.2,0.2,0.7,NA,0.2,NA,NA,0.2,NA,1.2,2.2,8,13.5,19.7,23.2,16.4,8.7,6,4,1,0.7,0.5,NA,0.5,0.5,1.2,4,16.4,26.4,28.4,14.2,5.2,3.2,2,2.2,0.7,0.2,0.7,0.2
414500,130500,"Salisbury M.B.","Salisbury M.B.",NA,2.5,NA,NA,2.5,NA,NA,NA,NA,NA,NA,NA,NA,NA,NA,5,5,7.6,20.2,30.2,7.6,2.5,5,10.1,5,5,NA,5,NA,NA,NA,NA,2.5,2.5,NA,10.1,5,7.6,NA,7.6,NA,7.6,2.5,NA,NA,NA
503500,488500,"Scarborough M.B.","Scarborough M.B.",NA,5.4,7.2,1.8,1.8,NA,NA,NA,NA,NA,NA,1.8,NA,NA,NA,NA,1.8,3.6,5.4,19.7,19.7,21.5,18,19.7,16.2,7.2,1.8,1.8,NA,1.8,NA,NA,3.6,3.6,NA,9,12.6,1.8,3.6,NA,1.8,NA,NA,NA,NA,NA
435500,387500,"Sheffield","Sheffield",1.7,6.3,7.6,3.7,1.7,0.6,0.4,0.2,NA,0.1,0.3,0.3,0.2,0.4,0.1,1.7,9.4,30.7,53.5,42.6,25.9,18.7,18,9,3.3,2.1,2,1.1,1,0.6,0.7,0.9,1.6,2.7,6.3,8.9,7.5,6.1,3.7,3.1,3.5,2,1.9,1.7,0.8,0.6
414500,437500,"Shipley U.D.","Shipley U.D.",NA,NA,4,4,2,4,NA,NA,NA,NA,NA,NA,NA,NA,NA,NA,NA,NA,8,36.2,32.2,26.2,34.2,10.1,18.1,4,NA,NA,NA,NA,NA,2,NA,4,14.1,12.1,20.1,8,2,4,4,NA,4,NA,NA,NA
349500,312500,"Shrewsbury M.B.","Shrewsbury M.B.",1.9,3.8,3.8,7.5,1.9,NA,1.9,NA,NA,NA,NA,NA,NA,NA,NA,1.9,7.5,24.5,37.7,54.6,16.9,7.5,5.6,3.8,5.6,3.8,7.5,NA,NA,3.8,NA,3.8,NA,5.6,9.4,15.1,15.1,13.2,5.6,5.6,5.6,3.8,3.8,NA,1.9,NA
402500,287500,"Smethwick","Smethwick",0.8,9.2,8.4,0.8,1.5,0.8,3.1,NA,NA,NA,NA,NA,NA,NA,NA,NA,0.8,2.3,7.7,16.1,23.8,27.6,28.4,20.7,6.9,3.8,3.1,1.5,NA,NA,NA,0.8,0.8,0.8,5.4,14.6,17.7,16.1,6.1,3.1,NA,NA,0.8,0.8,NA,0.8
436500,566500,"South Shields","South Shields",1.5,6.4,5.9,7.9,0.5,1,0.5,0.5,0.5,0.5,NA,NA,NA,1,1,1,NA,1,6.9,15.8,24.2,48.9,50.3,31.1,18.8,8.4,2.5,1,2,1.5,1,3,8.4,12.8,18.8,17.8,11.8,3,4.9,2,2,1,1.5,1,0.5,0.5
512500,180500,"Southall Norwood U.D.","Southall Norwood U.D.",NA,3.5,NA,3.5,3.5,NA,1.8,1.8,NA,NA,NA,NA,NA,NA,1.8,NA,3.5,7,12.3,21.1,10.5,28.1,21.1,10.5,5.3,1.8,1.8,NA,1.8,NA,NA,NA,NA,1.8,1.8,7,1.8,5.3,1.8,3.5,1.8,NA,NA,1.8,NA,NA
443500,113500,"Southampton","Southampton",NA,2.3,1.4,0.9,NA,0.9,0.5,0.5,NA,NA,0.5,0.5,0.5,1.4,5,27.7,41.4,30.5,17.7,8.6,3.6,3.2,3.2,3.2,NA,0.9,NA,0.9,1.4,0.5,0.5,0.9,NA,2.3,8.2,16.4,7.3,6.4,3.6,1.8,0.9,2.7,1.4,0.9,NA,NA
587500,186500,"Southend-on-Sea","Southend-on-Sea",NA,NA,2.9,0.7,2.2,NA,0.7,2.2,NA,1.5,NA,0.7,1.5,0.7,2.2,2.9,11.1,25.8,22.9,19.9,6.6,7.4,2.2,5.2,2.2,4.4,0.7,2.9,2.2,1.5,1.5,NA,3.7,7.4,4.4,11.8,5.2,5.9,3.7,2.2,2.2,1.5,2.2,NA,2.9,NA
530500,194500,"Southgate U.D.","Southgate U.D.",NA,2.9,2.9,NA,NA,NA,NA,1.5,NA,NA,1.5,NA,NA,NA,1.5,7.4,7.4,11.8,26.5,14.7,14.7,8.8,10.3,5.9,4.4,NA,NA,1.5,1.5,NA,NA,1.5,5.9,2.9,10.3,19.2,5.9,10.3,5.9,2.9,4.4,1.5,NA,1.5,NA,NA
334500,417500,"Southport","Southport",0.8,0.8,4.1,1.6,3.3,0.8,NA,0.8,NA,NA,NA,NA,0.8,NA,NA,NA,7.4,10.6,22.9,27,9,11.5,10.6,8.2,5.7,5.7,1.6,0.8,1.6,2.5,1.6,4.1,5.7,6.6,25.4,22.9,13.9,5.7,5.7,2.5,NA,NA,NA,NA,NA,0.8
419500,425500,"Spenborough U.D.","Spenborough U.D.",NA,3.5,7.1,5.3,3.5,NA,NA,NA,NA,NA,NA,NA,NA,NA,NA,NA,NA,3.5,NA,3.5,14.1,22.9,31.7,40.6,17.6,5.3,5.3,NA,NA,1.7,NA,NA,NA,7.1,1.8,26.5,17.6,NA,5.3,3.5,NA,1.8,NA,NA,NA,NA
515500,207500,"St. Albans M.B.","St. Albans M.B.",NA,2.2,NA,2.2,NA,NA,NA,NA,NA,NA,NA,NA,NA,NA,NA,NA,NA,20.1,24.6,49.2,24.6,17.9,11.2,4.5,6.7,4.5,NA,NA,2.2,NA,NA,NA,NA,4.5,8.9,17.9,13.4,11.2,4.5,NA,6.7,NA,NA,2.2,NA,NA
350500,395500,"St. Helens","St. Helens",NA,3.5,4,4.6,5.2,2.9,1.2,0.6,1.2,NA,0.6,NA,NA,0.6,1.7,1.7,4,16.7,19,19,8.1,9.2,15,28.8,17.3,7.5,3.5,1.2,1.2,NA,1.2,3.5,2.9,8.6,21.9,31.6,16.1,8.6,2.9,3.5,0.6,NA,0.6,0.6,NA,0.6
392500,323500,"Stafford M.B.","Stafford M.B.",NA,2.2,15.1,19.4,2.2,4.3,NA,NA,NA,NA,NA,NA,NA,NA,NA,NA,NA,8.6,8.6,34.6,13,8.6,4.3,NA,2.2,6.5,4.3,4.3,2.2,NA,NA,NA,NA,NA,4.3,15.1,13,19.4,6.5,4.3,4.3,2.2,NA,NA,NA,NA
396500,398500,"Stalybridge M.B.","Stalybridge M.B.",2.2,4.4,8.8,8.8,4.4,2.2,NA,NA,NA,NA,NA,NA,NA,NA,NA,NA,2.2,4.4,2.2,11,19.9,17.7,24.3,17.7,11,6.6,4.4,2.2,NA,NA,NA,NA,NA,4.4,11,13.2,37.5,26.5,17.7,6.6,4.4,NA,2.2,2.2,NA,NA
419500,552500,"Stanley U.D.","Stanley U.D.",NA,4.8,4.8,21.5,4.8,2.4,NA,2.4,NA,NA,NA,NA,NA,NA,NA,NA,NA,2.4,23.9,33.5,28.7,21.5,9.6,12,12,2.4,2.4,2.4,NA,NA,2.4,NA,7.2,4.8,19.1,2.4,4.8,12,7.2,9.6,NA,2.4,NA,NA,NA,NA
389500,390500,"Stockport","Stockport",NA,2.3,7.2,8.1,3.6,1.4,0.5,NA,NA,NA,NA,NA,0.5,0.5,NA,NA,1.4,1.8,5.4,11.3,20.3,42.9,33,12.2,6.3,2.7,NA,NA,1.8,NA,0.9,NA,1.4,3.2,6.3,12.2,9.5,8.6,5.4,2.7,0.9,NA,0.5,NA,NA,0.5
443500,520500,"Stockton-on-Tees M.B.","Stockton-on-Tees M.B.",4.6,6.4,7.3,7.3,2.7,0.9,0.9,0.9,0.9,NA,NA,NA,NA,NA,NA,NA,1.8,0.9,4.6,11,32.9,34.7,43.9,26.5,7.3,6.4,2.7,2.7,1.8,0.9,NA,NA,0.9,2.7,4.6,5.5,8.2,8.2,4.6,4.6,5.5,1.8,0.9,NA,NA,0.9
387500,347500,"Stoke-on-Trent","Stoke-on-Trent",0.5,4,11.3,9.8,2.8,1.3,1.5,0.5,0.3,0.3,0.5,NA,0.3,0.3,0.3,1.5,5,17.8,39.5,37.8,21.3,14.5,11,5.3,4.3,2,1.3,0.8,2,0.8,0.3,0.3,2.8,8,15.3,18,17.3,15.5,9.3,5,3.3,2.5,1,1.8,0.3,1.3
379500,394500,"Stretford U.D.","Stretford U.D.",NA,12.8,12.8,1.3,NA,NA,NA,1.3,NA,NA,NA,NA,NA,NA,NA,1.3,NA,3.9,5.1,9,16.7,18,34.7,3.9,7.7,1.3,NA,1.3,1.3,1.3,NA,NA,NA,5.1,7.7,25.7,16.7,7.7,6.4,5.1,1.3,1.3,1.3,1.3,NA,1.3
439500,557500,"Sunderland","Sunderland",3.6,13,10.1,1.4,1.4,0.4,0.4,NA,NA,NA,NA,0.4,NA,NA,NA,NA,0.4,0.4,2.2,5.4,14.1,31.8,65.8,53.5,22.8,9,2.5,2.5,2.2,0.4,2.5,2.9,3.3,6.2,11.6,15.9,11.9,5.8,3.6,2.9,1.4,0.7,0.4,1.1,0.4,NA
413500,295500,"Sutton Coldfield M.B.","Sutton Coldfield M.B.",NA,NA,5,5,2.5,NA,NA,NA,NA,NA,NA,NA,NA,NA,NA,NA,2.5,NA,15.1,32.7,15.1,10.1,20.2,12.6,5,2.5,NA,2.5,NA,NA,NA,NA,2.5,2.5,7.6,15.1,10.1,5,2.5,2.5,2.5,NA,NA,2.5,NA,NA
525500,164500,"Sutton U.D.","Sutton U.D.",NA,2.7,2.7,2.7,NA,NA,NA,NA,NA,NA,NA,NA,NA,NA,NA,NA,NA,NA,10.8,16.3,8.1,NA,2.7,NA,2.7,NA,NA,NA,NA,NA,NA,NA,5.4,2.7,8.1,NA,10.8,NA,5.4,NA,2.7,NA,NA,NA,2.7,NA
449500,358500,"Sutton-in-Ashfield U.D.","Sutton-in-Ashfield U.D.",NA,4.8,4.8,9.6,NA,NA,NA,NA,NA,NA,NA,NA,NA,NA,NA,NA,NA,NA,9.6,31.2,45.6,62.4,69.5,19.2,9.6,2.4,NA,NA,NA,NA,NA,NA,2.4,NA,4.8,7.2,NA,2.4,NA,2.4,2.4,NA,4.8,2.4,NA,NA
264500,194500,"Swansea","Swansea",NA,2.4,4.3,1.9,NA,0.9,NA,0.5,NA,NA,0.5,NA,NA,NA,NA,0.5,3.3,12.3,22.3,37.9,18.8,10.3,9.2,4.8,2.6,0.7,0.7,1.5,0.4,1.1,NA,0.7,1.1,1.5,1.5,8.9,12.6,6.3,6.6,4.4,2.2,1.5,2.2,0.4,0.4,1.1
416500,185500,"Swindon M.B.","Swindon M.B.",NA,1,NA,2.1,2.1,NA,1,NA,1,NA,1,NA,NA,1,NA,NA,1,11.4,41.4,37.2,13.4,11.4,10.3,4.1,1,NA,NA,NA,NA,NA,NA,NA,NA,NA,4.1,3.1,4.1,3.1,3.1,1,NA,2.1,2.1,1,NA,NA
377500,401500,"Swinton and Pendlebury U.D.","Swinton and Pendlebury U.D.",5.7,13.3,9.5,3.8,3.8,NA,NA,NA,NA,NA,NA,NA,NA,NA,NA,1.9,NA,1.9,9.5,9.5,18.9,13.3,30.3,24.6,30.3,5.7,1.9,NA,NA,NA,NA,1.9,NA,1.9,3.8,18.9,5.7,7.6,1.9,3.8,NA,3.8,1.9,1.9,NA,NA
323500,124500,"Taunton M.B.","Taunton M.B.",NA,2.7,NA,NA,2.7,5.3,NA,2.7,NA,2.7,5.3,NA,2.7,NA,NA,2.7,8,NA,5.3,10.6,10.6,16,16,5.3,NA,NA,NA,NA,NA,NA,NA,NA,5.3,NA,2.7,2.7,5.3,5.3,NA,NA,2.7,NA,2.7,NA,NA,NA
395500,292500,"Tipton U.D.","Tipton U.D.",NA,10,6.7,8.3,5,NA,NA,1.7,NA,NA,NA,NA,NA,1.7,NA,NA,1.7,1.7,3.3,30.1,65.1,58.4,28.4,31.7,3.3,1.7,1.7,NA,1.7,NA,NA,NA,1.7,8.3,5,8.3,15,5,NA,3.3,1.7,1.7,3.3,NA,3.3,1.7
394500,424500,"Todmorden M.B.","Todmorden M.B.",NA,7.5,14.9,5,NA,NA,NA,NA,NA,2.5,NA,NA,NA,NA,NA,NA,2.5,NA,7.5,14.9,12.4,22.4,19.9,10,5,2.5,5,2.5,NA,NA,NA,NA,NA,2.5,NA,19.9,22.4,27.4,14.9,2.5,2.5,NA,7.5,NA,5,NA
291500,65500,"Torquay M.B.","Torquay M.B.",NA,NA,3.4,1.7,NA,3.4,NA,NA,NA,NA,NA,NA,NA,NA,3.4,NA,5.1,6.8,18.7,32.3,22.1,15.3,5.1,5.1,3.4,1.7,6.8,NA,1.7,NA,NA,6.8,NA,NA,10.2,15.3,5.1,5.1,1.7,3.4,1.7,3.4,3.4,NA,NA,NA
533500,190500,"Tottenham U.D.","Tottenham U.D.",0.4,3.3,1.9,5.2,1.5,0.4,0.4,NA,NA,NA,1.1,1.9,4.1,4.1,7.1,12.6,20.5,27.5,23.1,14.9,6.3,9.3,10,6.7,2.6,1.9,3.3,0.7,1.1,1.1,0.4,NA,1.5,1.9,6.3,5.6,9.7,6,2.6,1.9,0.7,0.4,1.9,0.4,0.7,0.4
314500,209500,"Tredegar U.D.","Tredegar U.D.",NA,NA,NA,2.3,4.6,2.3,NA,NA,NA,NA,NA,NA,NA,NA,NA,NA,NA,NA,NA,2.3,6.8,2.3,22.8,15.9,9.1,9.1,NA,4.6,4.6,NA,NA,NA,2.3,NA,2.3,2.3,2.3,13.7,NA,9.1,NA,NA,NA,2.3,4.6,NA
515500,173500,"Twickenham U.D.","Twickenham U.D.",1.5,3,NA,1.5,NA,1.5,NA,NA,NA,NA,NA,NA,NA,NA,NA,1.5,1.5,9.1,41,37.9,18.2,15.2,7.6,12.1,9.1,NA,1.5,1.5,3,NA,NA,NA,NA,7.6,9.1,15.2,NA,3,1.5,1.5,1.5,NA,NA,1.5,NA,NA
435500,569500,"Tynemouth","Tynemouth",NA,1.9,5.6,2.8,3.7,0.9,NA,NA,0.9,NA,NA,NA,NA,NA,NA,0.9,NA,3.7,8.4,27.1,23.4,28.1,22.5,14,4.7,1.9,NA,0.9,0.9,NA,0.9,2.8,12.2,21.5,29,15.9,6.5,3.7,0.9,0.9,0.9,NA,NA,NA,NA,NA
433500,420500,"Wakefield","Wakefield",3.5,6.9,12.7,4.6,2.3,1.2,1.2,2.3,NA,NA,NA,NA,NA,NA,NA,NA,4.6,4.6,13.8,24.2,11.5,18.4,10.4,6.9,4.6,3.5,1.2,NA,2.3,NA,NA,NA,1.2,5.8,35.7,46.1,24.2,10.4,5.8,2.3,2.3,NA,NA,NA,NA,NA
330500,392500,"Wallasey","Wallasey",NA,0.6,3.2,1.3,0.6,0.6,NA,0.6,0.6,NA,NA,0.6,NA,NA,1.3,4.5,11.6,21.2,18.7,18,5.2,3.9,8.4,12.2,7.7,4.5,5.8,3.9,3.2,3.9,1.3,NA,5.8,16.1,18,14.2,9,7.1,1.9,3.2,1.9,0.6,1.3,0.6,0.6,NA
429500,566500,"Wallsend M.B.","Wallsend M.B.",NA,3.6,12,2.4,4.8,1.2,NA,1.2,2.4,NA,NA,NA,1.2,NA,1.2,1.2,1.2,9.6,34.7,84.9,44.3,31.1,14.4,14.4,8.4,3.6,3.6,NA,2.4,1.2,NA,3.6,10.8,12,13.2,15.6,19.1,12,4.8,NA,NA,2.4,NA,1.2,NA,1.2
401500,298500,"Walsall","Walsall",1.2,5.4,13.1,7.1,6.5,1.2,2.4,0.6,0.6,0.6,NA,NA,0.6,NA,NA,NA,1.2,3,5.4,19.6,29.1,38.7,41.6,31.5,8.3,1.8,1.8,NA,1.2,NA,0.6,1.2,1.2,3,5.9,7.7,5.4,4.2,4.2,3,2.4,1.8,1.2,0.6,NA,NA
537500,189500,"Walthamstow U.D.","Walthamstow U.D.",0.5,0.9,2.7,1.8,0.9,0.9,NA,NA,NA,NA,NA,NA,NA,1.4,1.8,5.5,25.6,43.9,38,18.8,10.5,11.9,8.7,7.3,0.9,2.7,NA,0.9,NA,0.5,NA,0.9,0.9,2.7,3.2,4.1,4.1,3.7,1.4,2.3,1.4,2.7,0.9,0.9,NA,0.5
360500,388500,"Warrington","Warrington",0.8,4.6,8.4,13.7,9.9,1.5,0.8,NA,NA,NA,NA,NA,NA,0.8,0.8,NA,0.8,3.8,3.8,15.9,16.7,35.7,36.4,25.8,12.1,6.1,3.8,2.3,2.3,0.8,0.8,1.5,NA,5.3,11.4,18.2,19.7,17.5,12.1,6.8,5.3,0.8,0.8,1.5,0.8,NA
331500,398500,"Waterloo with Seaforth U.D.","Waterloo with Seaforth U.D.",NA,2.1,NA,NA,2.1,NA,NA,NA,NA,NA,NA,NA,NA,NA,NA,4.1,4.1,26.9,24.8,8.3,10.3,4.1,8.3,6.2,NA,NA,NA,NA,NA,2.1,2.1,6.2,2.1,12.4,24.8,24.8,12.4,6.2,NA,2.1,2.1,NA,NA,NA,NA,NA
510500,197500,"Watford U.D.","Watford U.D.",2.3,3.5,1.2,1.2,NA,1.2,NA,2.3,NA,NA,NA,NA,NA,NA,2.3,4.6,4.6,19.7,40.5,26.6,9.3,9.3,9.3,9.3,6.9,1.2,3.5,NA,NA,1.2,NA,2.3,2.3,1.2,5.8,9.3,8.1,3.5,3.5,1.2,NA,3.5,NA,1.2,NA,1.2
398500,295500,"Wednesbury M.B.","Wednesbury M.B.",NA,1.8,12.8,5.5,1.8,NA,NA,NA,NA,NA,NA,NA,NA,NA,NA,NA,NA,NA,1.8,20,38.3,82,69.2,38.3,12.8,3.6,1.8,NA,NA,1.8,1.8,NA,NA,1.8,1.8,7.3,3.6,9.1,3.6,3.6,1.8,NA,NA,NA,NA,NA
399500,292500,"West Bromwich","West Bromwich",NA,10.1,16.3,7.7,2.3,NA,1.5,NA,0.8,NA,NA,NA,NA,NA,0.8,NA,0.8,7.7,19.4,32.5,44.9,42.6,51.1,21.7,7,3.1,1.5,1.5,NA,2.3,NA,0.8,0.8,1.5,10.8,18.6,22.5,8.5,6.2,4.6,1.5,2.3,NA,1.5,NA,NA
540500,183500,"West Ham","West Ham",0.6,3.4,6,3.6,2,1.2,1,0.4,0.8,NA,0.2,NA,0.4,0.2,0.6,3,6.9,26.2,48.4,45.4,26.4,13.3,7.9,4.6,3.4,2,1.2,1,0.8,0.4,1,1.4,1.8,4.4,7.1,7.9,8.1,3.8,1.6,2.2,1,1,1.6,NA,0.2,0.2
450240,532320,"West Hartlepool","West Hartlepool",3.4,5.9,11.9,2.5,1.7,NA,NA,0.8,0.8,NA,NA,NA,NA,NA,NA,NA,0.8,1.7,11.9,16.1,26.3,29.7,41.6,26.3,21.2,8.5,2.5,3.4,0.8,2.5,0.8,0.8,2.5,5.9,23.8,21.2,9.3,6.8,1.7,0.8,NA,NA,0.8,0.8,0.8,NA
332500,161500,"Weston-super-Mare U.D.","Weston-super-Mare U.D.",NA,2.3,NA,NA,NA,NA,NA,NA,NA,NA,NA,2.3,NA,NA,NA,NA,NA,4.6,18.2,18.2,34.2,27.3,31.9,13.7,4.6,NA,NA,NA,NA,2.3,NA,NA,NA,NA,9.1,6.8,NA,9.1,NA,2.3,NA,NA,NA,2.3,NA,NA
367500,79500,"Weymouth and Melcombe Regis M.B.","Weymouth and Melcombe Regis M.B.",4.7,NA,NA,NA,2.3,NA,2.3,NA,NA,NA,NA,NA,NA,NA,NA,NA,NA,4.7,21.1,28.1,4.7,2.3,4.7,NA,9.4,4.7,4.7,NA,2.3,7,NA,2.3,2.3,11.7,2.3,21.1,9.4,7,4.7,4.7,NA,NA,NA,NA,NA,2.3
351500,385500,"Widnes M.B.","Widnes M.B.",NA,1.6,3.3,13.2,9.9,4.9,NA,NA,NA,NA,NA,NA,NA,NA,NA,NA,4.9,3.3,4.9,23.1,31.3,13.2,11.5,13.2,13.2,6.6,NA,NA,1.6,1.6,1.6,8.2,3.2,3.2,23.1,34.6,16.5,28,4.9,4.9,4.9,1.6,NA,1.6,NA,NA
385500,405500,"Wigan","Wigan",NA,2.6,3.9,11,5.2,3.9,0.6,1.3,0.6,NA,NA,NA,0.6,0.6,NA,0.6,5.8,22.1,20.1,14.9,11.7,7.1,5.2,9.7,11,7.1,2.6,3.2,1.3,1.9,1.9,5.8,16.9,18.8,16.2,11,5.2,6.5,2.6,7.8,4.5,2.6,2.6,NA,0.6,0.6
449500,86500,"Wight, Isle of","Wight, Isle of",0.7,0.7,1.3,0.7,2,0.7,NA,0.7,1.3,0.7,NA,NA,NA,NA,0.7,2.7,6.7,10.7,14,20,12.7,12.7,8.7,10,3.3,3.3,1.3,2,2,2,0.7,NA,NA,1.3,8.7,5.3,4.7,3.3,2,0.7,2,2,0.7,0.7,0.7,NA
522500,184500,"Willesden U.D.","Willesden U.D.",1,4.2,4.5,2.1,0.7,NA,NA,0.3,NA,NA,0.3,NA,NA,0.3,NA,1.7,7.6,28.1,40.2,31.2,19.7,15.6,12.8,6.6,3.8,1.7,2.8,1.4,1.4,1,0.7,0.7,0.7,2.8,8.3,7.3,3.1,1.7,1.7,1.7,0.7,0.7,0.3,NA,0.3,0.7
524500,171500,"Wimbledon M.B.","Wimbledon M.B.",NA,4.1,1,NA,1,1,NA,NA,1,NA,1,NA,1,NA,NA,NA,5.1,15.3,25.6,39.9,13.3,14.3,10.2,10.2,2,1,2,NA,NA,1,NA,1,2,9.2,12.3,14.3,4.1,7.2,1,2,3.1,NA,1,NA,NA,NA
448500,129500,"Winchester M.B.","Winchester M.B.",2.3,NA,NA,NA,NA,NA,NA,4.6,NA,NA,NA,NA,NA,NA,NA,2.3,4.6,9.2,13.8,2.3,4.6,4.6,16.1,6.9,4.6,NA,NA,2.3,2.3,NA,NA,NA,NA,NA,13.8,6.9,4.6,4.6,2.3,NA,2.3,NA,NA,NA,NA,NA
500500,158500,"Woking U.D.","Woking U.D.",NA,NA,2.2,NA,NA,NA,NA,2.2,NA,NA,NA,NA,NA,NA,NA,NA,NA,6.6,15.4,11,8.8,11,2.2,4.4,6.6,NA,NA,4.4,2.2,NA,NA,NA,2.2,4.4,4.4,4.4,4.4,2.2,4.4,NA,NA,NA,NA,NA,NA,NA
385500,348500,"Wolstanton United U.D.","Wolstanton United U.D.",NA,11.7,7.8,3.9,1.9,NA,NA,NA,NA,NA,NA,NA,NA,NA,NA,NA,1.9,3.9,36.9,44.7,33,15.5,7.8,1.9,1.9,NA,NA,NA,NA,NA,NA,NA,1.9,1.9,NA,7.8,7.8,15.5,11.7,5.8,NA,NA,1.9,NA,NA,1.9
391500,298500,"Wolverhampton","Wolverhampton",0.6,3.4,1.7,6.2,0.6,1.1,NA,NA,NA,0.6,0.6,0.6,0.6,0.6,NA,0.6,0.6,6.8,18.1,32.9,34.6,36.3,36.3,18.1,7.4,6.8,NA,0.6,0.6,NA,1.1,1.1,1.7,16.4,18.1,21,14.2,7.9,7.4,5.1,2.8,NA,1.1,NA,NA,NA
530500,190500,"Wood Green U.D.","Wood Green U.D.",NA,1.1,1.1,2.2,NA,1.1,NA,1.1,1.1,NA,NA,NA,NA,2.2,8.7,8.7,21.8,27.2,30.5,17.4,13.1,10.9,4.4,6.5,1.1,2.2,NA,NA,1.1,NA,1.1,NA,2.2,6.5,6.5,8.7,19.6,13.1,3.3,4.4,2.2,1.1,1.1,NA,2.2,NA
385500,255500,"Worcester","Worcester",NA,2.3,2.3,4.7,NA,NA,1.2,1.2,NA,NA,NA,NA,NA,NA,NA,NA,3.5,24.6,37.4,39.8,15.2,23.4,14,7,3.5,2.3,1.2,2.3,NA,NA,1.2,NA,NA,NA,1.2,4.7,12.9,8.2,3.5,4.7,NA,NA,1.2,1.2,1.2,NA
295500,527500,"Workington M.B.","Workington M.B.",NA,2.1,6.3,4.2,10.5,NA,NA,2.1,NA,NA,NA,NA,NA,NA,2.1,2.1,NA,4.2,10.5,6.3,8.4,21,16.8,21,2.1,2.1,2.1,2.1,2.1,NA,NA,NA,NA,6.3,18.9,29.4,29.4,18.9,4.2,8.4,6.3,14.7,8.4,2.1,4.2,NA
458500,379500,"Worksop U.D.","Worksop U.D.",NA,NA,5.1,NA,5.1,NA,NA,NA,NA,NA,NA,NA,NA,NA,NA,NA,2.5,NA,10.2,28,84,101.8,40.7,17.8,7.6,5.1,NA,NA,NA,NA,NA,2.5,2.5,NA,NA,NA,NA,NA,NA,2.5,2.5,NA,NA,5.1,NA,NA
513500,103500,"Worthing M.B.","Worthing M.B.",NA,NA,1.8,NA,NA,NA,NA,1.8,NA,NA,NA,NA,NA,NA,NA,NA,NA,7.2,41.7,21.7,21.7,5.4,9.1,9.1,5.4,NA,NA,1.8,NA,1.8,1.8,NA,NA,3.6,9.1,5.4,10.9,5.4,1.8,NA,NA,NA,3.6,NA,NA,1.8
459500,451500,"York","York",NA,2.9,2.9,3.6,2.9,NA,0.7,NA,NA,NA,NA,NA,0.7,NA,NA,2.9,7.1,20.7,32.1,30.7,15,10.7,3.6,2.1,5,5,5,5,2.1,NA,NA,NA,0.7,2.1,5.7,9.3,4.3,2.9,NA,3.6,NA,1.4,NA,NA,1.4,0.7
0,0,"Average","Average",2.24393617,5.329842932,6.389047619,4.820603015,3.280232558,2.025694444,1.454255319,1.219047619,1.077419355,0.964444444,1.0375,0.921428571,1.064,1.336363636,2.331325301,4.221428571,7.587931034,13.88215962,21.60508475,23.33786008,19.29878049,19.43401639,18.42938776,11.9916318,6.548927039,3.732673267,2.947619048,2.344736842,1.802222222,1.706034483,1.779824561,2.141666667,3.155483871,5.619211823,9.536909871,11.84327801,10.3350211,7.374786325,4.398666667,3.509183673,2.716145251,2.383783784,2.137748344,1.643965517,1.626666667,1.254216867
